YrType,BS|Pollock,AI|Pollock,Bogslof|Pollock,BSAI|Pacific cod,BS|Pacific cod,AI|Pacific cod,BSAI Total|Sablefish,Alaska Total|Sablefish,BS|Sablefish,AI|Sablefish,BSAI|Yellowfin Sole,BSAI|Greenland Turbot,BS|Greenland Turbot,AI|Greenland Turbot,BSAI|Arrowtooth Flounder,BSAI|Kamchatka Flounder,BSAI|Rock Sole,BSAI|Flathead Sole,BSAI|Alaska Plaice,BSAI|Other Flatfish,BSAI|Pacific Ocean Perch,BS|Pacific Ocean Perch,AI Total|Pacific Ocean Perch,EAI|Pacific Ocean Perch,CAI|Pacific Ocean Perch,WAI|Pacific Ocean Perch,BSAI|Sharpchin/Northern,BS|Sharpchin/Northern,AI|Sharpchin/Northern,BSAI|Northern Rockfish,BS|Northern Rockfish,AI|Northern Rockfish,BSAI|Blackspotted/Rougheye Rockfish,BS/EAI|Blackspotted/Rougheye Rockfish,CAI/WAI|Blackspotted/Rougheye Rockfish,BSAI|Shortraker Rockfish,BSAI|Shortraker Rockfish,BS|Shortraker Rockfish,AI|Shortraker Rockfish,BS|Other Red Rockfish,AI|Other Red Rockfish,BSAI|Other Rockfish,BS|Other Rockfish,AI|Other Rockfish,BSAI|Atka Mackerel,EAI/BS|Atka Mackerel,CAI|Atka Mackerel,WAI|Atka Mackerel,BSAI|Skates,BSAI|Sculpins,BSAI|Sharks,BSAI|Squids,BSAI|Octopuses,BSAI|Other Species,BSAI|Total
2021|OFL,2594000,61856,113479,0,147949,27400,0,60426,n/a,n/a,341571,8568,n/a,n/a,90873,10630,145180,75863,37924,22919,44376,n/a,0,n/a,n/a,n/a,0,0,0,18917,0,0,576,n/a,n/a,722,0,0,0,0,0,1751,n/a,n/a,85580,n/a,n/a,n/a,49297,0,689,0,4769,0,3945315
2021|ABC,1626000,51241,85109,0,123805,20600,0,29588,3396,4717,313477,7326,6176,1150,77349,8982,140306,62567,31657,17189,37173,10782,0,8419,6198,11774,0,0,0,15557,0,0,482,313,169,541,0,0,0,0,0,1313,919,394,73590,25760,15450,32380,41257,0,517,0,3576,0,2747727
2021|TAC,1375000,19000,250,0,111380,13796,0,n/a,3396,4717,200000,6025,5125,900,15000,8982,54500,25000,24500,6500,35899,10782,0,8419,6198,10500,0,0,0,13000,0,0,482,313,169,500,0,0,0,0,0,916,522,394,62257,25760,15450,21047,18000,0,200,0,700,0,2000000
2021|iTAC,1237500,17100,250,0,99462,12320,0,n/a,2802,3833,178600,5121,4356,765,12750,7635,48669,22325,20825,5525,31594,9165,0,7518,5535,9377,0,0,0,11050,0,0,410,266,144,425,0,0,0,0,0,779,444,335,55596,23004,13797,18795,15300,0,170,0,595,0,1790634
2021|CDQ,137500,1900,0,0,11918,1476,0,n/a,467,796,21400,n/a,548,0,1605,0,5832,2675,0,0,n/a,0,0,901,663,1124,0,0,0,0,0,0,0,0,0,0,0,0,0,0,0,0,0,0,6661,2756,1653,2252,0,0,0,0,0,0,195466
2020|OFL,4085000,66973,183080,0,191386,27400,0,50481,n/a,n/a,287307,11319,n/a,n/a,84057,11495,157300,82810,37600,21824,58956,n/a,0,n/a,n/a,n/a,0,0,0,19751,0,0,861,n/a,n/a,722,0,0,0,0,0,1793,n/a,n/a,81200,n/a,n/a,n/a,49792,67817,689,0,4769,0,5584382
2020|ABC,2043000,55120,137310,0,155873,20600,0,n/a,2174,2952,260918,9625,8403,1222,71618,9708,153300,68134,31600,16368,48846,14168,0,11063,8144,15471,0,0,0,16243,0,0,708,444,264,541,0,0,0,0,0,1344,956,388,70100,24535,14721,30844,41543,50863,517,0,3576,0,3272581
2020|TAC,1425000,19000,75,0,141799,13796,0,n/a,1861,2039,150700,5300,5125,175,10000,6800,47100,19500,17000,4000,42875,14168,0,10613,8094,10000,0,0,0,10000,0,0,349,85,264,375,0,0,0,0,0,1088,700,388,59305,24535,14721,20049,16313,5300,150,0,275,0,2000000
2020|iTAC,1282500,17100,75,0,126627,12320,0,n/a,1535,1657,134575,4505,4356,149,8500,5780,42060,17414,14450,3400,37678,12043,0,9477,7228,8930,0,0,0,8500,0,0,297,72,224,319,0,0,0,0,0,925,595,330,52959,21910,13146,17904,13866,4505,128,0,234,0,1791907
2020|CDQ,142500,1900,0,0,15172,1476,0,n/a,256,344,16125,n/a,548,0,1070,0,5040,2087,0,0,n/a,0,0,1136,866,1070,0,0,0,0,0,0,0,0,0,0,0,0,0,0,0,0,0,0,6346,2625,1575,2145,0,0,0,0,0,0,195935
2019|OFL,3914000,64240,183080,0,216000,27400,0,0,3221,4350,290000,11362,n/a,n/a,82939,10965,122000,80918,39880,21824,61067,n/a,0,n/a,n/a,n/a,0,0,0,15507,0,0,676,n/a,n/a,722,0,0,0,0,0,1793,n/a,n/a,79200,n/a,n/a,n/a,51152,53201,689,0,4769,0,5340955
2019|ABC,2163000,52887,137310,0,181000,20600,0,0,1489,2008,263200,9658,8431,1227,70673,9260,118900,66625,33600,16368,50594,14675,0,11459,8435,16025,0,0,0,12664,0,0,555,351,204,541,0,0,0,0,0,1344,956,388,68500,23970,14390,30140,42714,39995,517,0,3576,0,3367578
2019|TAC,1397000,19000,75,0,166475,14214,0,0,1489,2008,154000,5294,5125,169,8000,5000,47100,14500,18000,6500,44069,14675,0,11009,8385,10000,0,0,0,6500,0,0,279,75,204,358,0,0,0,0,0,663,275,388,57951,23970,14390,19591,26000,5000,125,0,400,0,2000000
2019|iTAC,1257300,17100,75,0,148662,12693,0,0,1228,1632,137522,4500,4356,144,6800,4250,42060,12949,15300,5525,38723,12474,0,9831,7488,8930,0,0,0,5525,0,0,237,64,173,304,0,0,0,0,0,564,234,330,51750,21405,12850,17495,22100,4250,106,0,340,0,1791495
2019|CDQ,139700,1900,0,0,17813,1521,0,0,205,339,16478,n/a,548,0,856,0,5040,1552,0,0,n/a,0,0,1178,897,1070,0,0,0,0,0,0,0,0,0,0,0,0,0,0,0,0,0,0,6201,2565,1540,2096,0,0,0,0,0,0,195297
2018|OFL,4797000,49291,130428,0,238000,28700,0,0,2887,3917,306700,13148,n/a,n/a,76757,11347,147300,79862,41170,17591,51675,n/a,0,n/a,n/a,n/a,0,0,0,15888,0,0,749,n/a,n/a,666,0,0,0,0,0,1816,n/a,n/a,108600,n/a,n/a,n/a,46668,53201,689,6912,4769,0,6235731
2018|ABC,2592000,40788,60800,0,201000,21500,0,0,1464,1988,277500,11132,9718,1414,65932,9737,143100,66773,34590,13193,42509,11861,0,10021,7787,12840,0,0,0,12975,0,0,613,374,239,499,0,0,0,0,0,1362,791,571,92000,36820,32000,23180,39082,39995,517,5184,3576,0,3779809
2018|TAC,1364341,19000,450,0,188136,15695,0,0,1464,1988,154000,5294,5125,169,13621,5000,47100,14500,16100,4000,37361,11861,0,9000,7500,9000,0,0,0,6100,0,0,225,75,150,150,0,0,0,0,0,845,275,570,71000,36500,21000,13500,27000,5000,180,1200,250,0,2000000
2018|iTAC,1227907,17100,450,0,168005,14016,0,0,1208,1615,137522,4500,4356,144,11578,4250,42060,12949,13685,3400,32853,10082,0,8037,6698,8037,0,0,0,5185,0,0,191,64,128,128,0,0,0,0,0,718,234,485,63403,32595,18753,12056,22950,4250,153,1020,213,0,1790946
2018|CDQ,136434,1900,0,0,20131,1679,0,0,201,335,16478,n/a,548,0,1457,0,5040,1552,0,0,n/a,0,0,963,803,963,0,0,0,0,0,0,0,0,0,0,0,0,0,0,0,0,0,0,7597,3906,2247,1445,0,0,0,0,0,0,196081
2017|OFL,3640000,43650,130428,0,284000,28700,0,0,1499,2044,287000,11615,n/a,n/a,76100,10360,159700,81654,42800,17591,53152,n/a,0,n/a,n/a,n/a,0,0,0,16242,0,0,612,n/a,n/a,666,0,0,0,0,0,1816,n/a,n/a,102700,n/a,n/a,n/a,49063,56582,689,6912,4769,0,5110344
2017|ABC,2800000,36061,60800,0,239000,21500,0,0,1274,1735,260800,6644,5800,844,65371,8880,155100,68278,36000,13193,43723,12199,0,10307,8009,13208,0,0,0,13264,0,0,501,306,195,499,0,0,0,0,0,1362,791,571,87200,34890,30330,21980,41144,42387,517,5184,3576,0,4013993
2017|TAC,1345000,19000,500,0,223704,15695,0,0,1274,1735,154000,4500,4375,125,14000,5000,47100,14500,13000,2500,34900,11000,0,7900,7000,9000,0,0,0,5000,0,0,225,100,125,125,0,0,0,0,0,875,325,550,65000,34500,18000,12500,26000,4500,125,1342,400,0,2000000
2017|iTAC,1210500,17100,500,0,199768,14016,0,0,1051,1410,137522,3825,3719,106,11900,4250,42060,12949,11050,2125,30693,9350,0,7055,6251,8037,0,0,0,4250,0,0,191,85,106,106,0,0,0,0,0,744,276,468,58045,30809,16074,11163,22100,3825,106,1141,340,0,1791566
2017|CDQ,134500,1900,0,0,23936,1679,0,0,175,293,16478,n/a,468,0,1498,0,5040,1552,0,0,n/a,0,0,845,749,963,0,0,0,0,0,0,0,0,0,0,0,0,0,0,0,0,0,0,6955,3692,1926,1338,0,0,0,0,0,0,197031
2016|OFL,3910000,39075,31906,0,390000,23400,0,0,1304,1766,228100,4194,n/a,n/a,94035,11100,165900,79562,49000,17414,40529,n/a,0,n/a,n/a,n/a,0,0,0,14689,0,0,693,n/a,n/a,690,0,0,0,0,0,1667,n/a,n/a,104749,n/a,n/a,n/a,50215,52365,1363,6912,3452,0,5324080
2016|ABC,2090000,32227,23850,0,255000,17600,0,0,1151,1557,211700,3462,2673,789,80701,9500,161000,66250,41000,13061,33320,8353,0,7916,7355,9696,0,0,0,11960,0,0,561,179,382,518,0,0,0,0,0,1250,695,555,90340,30832,27216,32292,42134,39725,1022,5184,2589,0,3236662
2016|TAC,1340000,19000,500,0,238680,12839,0,0,1151,1557,144000,2837,2673,200,14000,5000,57100,21000,14500,2500,31900,8000,0,7900,7000,9000,0,0,0,4500,0,0,300,100,200,200,0,0,0,0,0,875,325,550,55000,28500,16000,10500,26000,4500,125,1500,400,0,2000000
2016|iTAC,1206000,17100,500,0,213141,11465,0,0,950,1265,128592,2442,2272,170,11900,4250,50990,18753,12325,2125,28143,6800,0,7055,6251,8037,0,0,0,3825,0,0,255,85,170,170,0,0,0,0,0,744,276,468,49115,25451,14288,9377,22100,3825,106,1275,340,0,1791697
2016|CDQ,134000,1900,0,0,25539,1374,0,0,158,263,15408,n/a,286,0,1498,0,6110,2247,0,0,n/a,0,0,845,749,963,0,0,0,0,0,0,0,0,0,0,0,0,0,0,0,0,0,0,5885,3050,1712,1124,0,0,0,0,0,0,197225
2015|OFL,3330000,36005,21200,0,346000,23400,0,0,1575,2128,266400,3903,n/a,n/a,93856,10500,187600,79419,54000,17700,42558,n/a,0,n/a,n/a,n/a,0,0,0,15337,0,0,560,n/a,n/a,690,0,0,0,0,0,1667,n/a,n/a,125297,n/a,n/a,n/a,49575,52365,1363,2624,3452,0,4769174
2015|ABC,1637000,29659,15900,0,255000,17600,0,0,1333,1802,248800,3172,2448,724,80547,9000,181700,66130,44900,13250,34988,8771,0,8312,7723,10182,0,0,0,12488,0,0,453,149,304,518,0,0,0,0,0,1250,695,555,106000,38492,33108,34400,41658,39725,1022,1970,2589,0,2848454
2015|TAC,1310000,19000,100,0,240000,9422,0,0,1333,1802,149000,2648,2448,200,22000,6500,69250,24250,18500,3620,32021,8021,0,8000,7000,9000,0,0,0,3250,0,0,349,149,200,250,0,0,0,0,0,880,325,555,54500,27000,17000,10500,25700,4700,125,400,400,0,2000000
2015|iTAC,1179000,17100,100,0,214320,8414,0,0,567,383,133057,2251,2081,170,18700,5525,61840,21655,15725,3077,28250,6818,0,7144,6251,8037,0,0,0,2763,0,0,297,127,170,213,0,0,0,0,0,748,276,472,48669,24111,15181,9377,21845,3995,106,340,340,0,1789278
2015|CDQ,131000,1900,0,0,25680,1008,0,0,183,304,15943,n/a,262,0,2354,0,7410,2595,0,0,n/a,0,0,856,749,963,0,0,0,0,0,0,0,0,0,0,0,0,0,0,0,0,0,0,5832,2889,1819,1124,0,0,0,0,0,0,197038
2014|OFL,2795000,42811,13413,0,299000,20100,0,0,1584,2141,259700,2647,n/a,n/a,125642,8270,228700,79633,66800,16700,39585,n/a,0,n/a,n/a,n/a,0,0,0,12077,0,0,505,n/a,n/a,493,0,0,0,0,0,1550,n/a,n/a,74492,n/a,n/a,n/a,41849,56424,1363,2624,3450,0,4196553
2014|ABC,1369000,35048,10059,0,255000,15100,0,0,1339,1811,239800,2124,1659,465,106599,7100,203800,66293,55100,12400,33122,7684,0,9246,6594,9598,0,0,0,9761,0,0,416,177,239,370,0,0,0,0,0,1163,690,473,64131,21652,20574,21905,35383,42318,1022,1970,2590,0,2572819
2014|TAC,1267000,19000,75,0,246897,6997,0,0,1339,1811,184000,2124,1659,465,25000,7100,85000,24500,24500,2650,33122,7684,0,9246,6594,9598,0,0,0,2594,0,0,416,177,239,370,0,0,0,0,0,773,300,473,32322,21652,9670,1000,26000,5750,125,310,225,0,2000000
2014|iTAC,1140300,17100,75,0,220479,6248,0,0,1105,1471,164312,1805,1410,395,21250,6035,75905,21879,20825,2253,29248,6531,0,8257,5888,8571,0,0,0,2205,0,0,354,150,203,315,0,0,0,0,0,657,255,402,28863,19335,8635,893,22100,4888,106,264,191,0,1790231
2014|CDQ,126700,1900,0,0,26418,749,0,0,184,306,19688,n/a,178,0,2675,0,9095,2622,0,0,n/a,0,0,989,706,1027,0,0,0,0,0,0,0,0,0,0,0,0,0,0,0,0,0,0,3458,2317,1035,107,0,0,0,0,0,0,196694
2013|OFL,2550000,45600,13400,359000,0,0,0,0,1870,2530,220000,2540,n/a,n/a,186000,16300,241000,81500,67000,17800,41900,n/a,0,n/a,n/a,n/a,0,0,0,12200,0,0,462,n/a,n/a,493,0,0,0,0,0,1540,n/a,n/a,57700,n/a,n/a,n/a,45800,56400,1360,2620,3450,0,4028465
2013|ABC,1375000,37300,10100,307000,0,0,0,0,1580,2140,206000,2060,1610,450,152000,12200,214000,67900,55200,13300,35100,8130,0,9790,6980,10200,0,0,0,9850,0,0,378,169,209,370,0,0,0,0,0,1159,686,473,50000,16900,16000,17100,38800,42300,1020,1970,2590,0,2639317
2013|TAC,1247000,19000,100,260000,0,0,0,0,1580,2140,198000,2060,1610,450,25000,10000,92380,22699,20000,3500,35100,8130,0,9790,6980,10200,0,0,0,3000,0,0,378,169,209,370,0,0,0,0,0,873,400,473,25920,16900,7520,1500,24000,5600,100,700,500,0,2000000
2013|iTAC,1122300,17100,500,232180,0,0,0,0,1304,1739,176814,1751,1369,383,21250,8500,82495,20270,17000,2975,30995,6911,0,8742,6233,9109,0,0,0,2550,0,0,321,144,178,315,0,0,0,0,0,742,340,402,23147,15092,6715,1340,20400,4760,85,595,425,0,1790512
2013|CDQ,124700,1900,0,27820,0,0,0,0,217,361,21186,n/a,172,0,2675,0,9885,2429,0,0,n/a,0,0,1048,747,1091,0,0,0,0,0,0,0,0,0,0,0,0,0,0,0,0,0,0,2773,1808,805,161,0,0,0,0,0,0,197004
2012|OFL,2474000,39600,22000,369000,0,0,0,0,2640,2430,222000,11700,n/a,n/a,181000,24800,231000,84500,64600,17100,35000,n/a,0,n/a,n/a,n/a,0,0,0,10500,0,0,576,n/a,n/a,524,0,0,0,0,0,1700,n/a,n/a,96500,n/a,n/a,n/a,39100,58300,1360,2620,3450,0,3996000
2012|ABC,1220000,32500,16500,314000,0,0,0,0,2230,2050,203000,9660,7230,2430,150000,18600,208000,70400,53400,12700,24700,5710,0,5620,4990,8380,0,0,0,8610,0,0,475,231,244,393,0,0,0,0,0,1280,710,570,81400,38500,22900,20000,32600,43700,1020,1970,2590,0,2511778
2012|TAC,1200000,19000,500,261000,0,0,0,0,2230,2050,202000,8660,6230,2430,25000,17700,87000,34134,24000,3200,24700,5710,0,5620,4990,8380,0,0,0,4700,0,0,475,231,244,393,0,0,0,0,0,1070,500,570,50763,38500,10763,1500,24700,5200,200,425,900,0,2000000
2012|iTAC,1080000,17100,500,233073,0,0,0,0,1840,1666,180386,7361,5296,2066,21250,15045,77691,30482,20400,2720,21812,4854,0,5019,4456,7483,0,0,0,3995,0,0,404,196,207,334,0,0,0,0,0,910,425,485,45331,34381,9611,1340,20995,4420,170,361,765,0,1789010
2012|CDQ,120000,1900,0,27927,0,0,0,0,307,346,21614,n/a,667,0,2675,0,9309,3652,0,0,n/a,0,0,601,534,897,0,0,0,0,0,0,0,0,0,0,0,0,0,0,0,0,0,0,5432,4120,1152,161,0,0,0,0,0,0,195862
2011|OFL,2450000,44500,22000,272000,0,0,0,0,3360,2250,262000,7220,n/a,n/a,186000,23600,248000,83300,79100,19500,36300,n/a,0,n/a,n/a,n/a,0,0,0,10600,0,0,549,n/a,n/a,524,0,0,0,0,0,1700,n/a,n/a,101000,n/a,n/a,n/a,37800,58300,1360,2620,528,0,3954111
2011|ABC,1270000,36700,156,235000,0,0,0,0,2850,1900,239000,6140,4590,1550,153000,17700,224000,69300,65100,14500,24700,5710,0,5660,4960,8370,0,0,0,8670,0,0,454,234,220,393,0,0,0,0,0,1280,710,570,85300,40300,24000,21000,31500,43700,1020,1970,396,0,2534729
2011|TAC,1252000,19000,150,227950,0,0,0,0,2850,1900,196000,5050,3500,1550,25900,17700,85000,41548,16000,3000,24700,5710,0,5660,4960,8370,0,0,0,4000,0,0,454,234,220,393,0,0,0,0,0,1000,500,500,53080,40300,11280,1500,16500,5200,50,425,150,0,2000000
2011|iTAC,1126800,17100,150,203559,0,0,0,0,2351,1544,175028,4293,2975,1318,22015,15045,75905,37102,13600,2550,21812,4854,0,5054,4429,7474,0,0,0,3400,0,0,386,199,187,334,0,0,0,0,0,850,425,425,47400,35988,10073,1340,14025,4420,43,361,128,0,1790200
2011|CDQ,125200,1900,0,24391,0,0,0,0,392,321,20972,n/a,375,0,2771,0,9095,4446,0,0,n/a,0,0,606,531,896,0,0,0,0,0,0,0,0,0,0,0,0,0,0,0,0,0,0,5680,4312,1207,161,0,0,0,0,0,0,197576
2010|OFL,918000,40000,22000,205000,0,0,0,0,3310,2450,234000,7460,n/a,n/a,191000,0,243000,83100,278000,23000,22400,n/a,0,n/a,n/a,n/a,0,0,0,8640,0,0,669,0,0,516,0,0,0,0,0,1380,n/a,n/a,88200,n/a,n/a,n/a,0,0,0,2620,0,88200,2462945
2010|ABC,813000,33100,156,174000,0,0,0,0,2790,2070,219000,6120,4220,1900,156000,0,240000,69200,224000,17300,18860,3830,0,4220,4270,6540,0,0,0,7240,0,0,547,0,0,387,0,0,0,0,0,1040,485,555,74000,23800,29600,20600,0,0,0,1970,0,61100,2121880
2010|TAC,813000,19000,50,168780,0,0,0,0,2790,2070,219000,6120,4220,1900,75000,0,90000,60000,50000,17300,18860,3830,0,4220,4270,6540,0,0,0,7240,0,0,547,0,0,387,0,0,0,0,0,1040,485,555,74000,23800,29600,20600,0,0,0,1970,0,50000,1677154
2010|iTAC,731700,17100,50,150721,0,0,0,0,2302,1682,195567,5202,3587,1615,63750,0,80370,53580,42500,14705,16677,3256,0,3768,3813,5840,0,0,0,6154,0,0,465,0,0,329,0,0,0,0,0,884,412,472,66082,21253,26433,18396,0,0,0,1675,0,42500,1493994
2010|CDQ,81300,1900,0,18059,0,0,0,0,384,349,23433,n/a,452,0,8025,0,9630,6420,0,0,n/a,0,0,452,457,700,0,0,0,0,0,0,0,0,0,0,0,0,0,0,0,0,0,0,7918,2547,3167,2204,0,0,0,0,0,0,159478
2009|OFL,977000,32600,58400,212000,0,0,0,0,3210,2600,224000,14800,n/a,n/a,190000,0,301000,83800,298000,23100,22300,n/a,0,n/a,n/a,n/a,0,0,0,8540,0,0,660,0,0,516,0,0,0,0,0,1380,n/a,n/a,99400,n/a,n/a,n/a,0,0,0,2620,0,80800,2636726
2009|ABC,815000,26900,7970,182000,0,0,0,0,2720,2200,210000,7380,5090,2290,156000,0,296000,71400,232000,17400,18800,3820,0,4200,4260,6520,0,0,0,7160,0,0,539,0,0,387,0,0,0,0,0,1040,485,555,83800,27000,33500,23300,0,0,0,1970,0,63700,2204366
2009|TAC,815000,19000,50,176540,0,0,0,0,2720,2200,210000,7380,5090,2290,75000,0,90000,60000,50000,17400,18800,3820,0,4200,4260,6520,0,0,0,7160,0,0,539,0,0,387,0,0,0,0,0,1040,485,555,76400,27000,32500,16900,0,0,0,1970,0,50000,1681586
2009|iTAC,733500,17100,50,157650,0,0,0,0,2244,1788,187530,6273,4327,1947,63750,0,80370,53580,42500,14790,16624,3247,0,3751,3804,5822,0,0,0,6086,0,0,458,0,0,329,0,0,0,0,0,884,412,472,68225,24111,29023,15092,0,0,0,1675,0,42500,1497906
2009|CDQ,81500,1900,0,18890,0,0,0,0,374,371,22470,n/a,545,0,8025,0,9630,6420,0,0,n/a,0,0,449,456,698,0,0,0,0,0,0,0,0,0,0,0,0,0,0,0,0,0,0,8175,2889,3478,1808,0,0,0,0,0,0,159902
2008|OFL,1440000,34000,58400,207000,0,0,0,0,3380,2890,265000,15600,n/a,n/a,297000,0,304000,86000,248000,28800,25700,n/a,0,n/a,n/a,n/a,0,0,0,9740,0,0,269,0,0,564,0,0,0,0,0,1330,n/a,n/a,71400,n/a,n/a,n/a,0,0,0,2620,0,104000,3205693
2008|ABC,1000000,28200,7970,176000,0,0,0,0,2860,2440,248000,2540,1750,790,244000,0,301000,71700,194000,21600,21700,4200,0,4900,4990,7610,0,0,0,8180,0,0,202,0,0,424,0,0,0,0,0,999,414,585,60700,19500,24300,16900,0,0,0,1970,0,78100,2472585
2008|TAC,1000000,19000,10,170720,0,0,0,0,2860,2440,225000,2540,1750,790,75000,0,75000,50000,50000,21600,21700,4200,0,4900,4990,7610,0,0,0,8180,0,0,202,0,0,424,0,0,0,0,0,999,414,585,60700,19500,24300,16900,0,0,0,1970,0,50000,1838345
2008|iTAC,900000,17100,10,152453,0,0,0,0,2360,1853,200925,2159,1488,672,63750,0,66975,44650,42500,18360,19198,3570,0,4376,4456,6796,0,0,0,6953,0,0,172,0,0,360,0,0,0,0,0,849,352,497,54205,17414,21700,15092,0,0,0,1675,0,42500,1639009
2008|CDQ,100000,1900,0,18267,0,0,0,0,393,412,24075,n/a,187,0,8025,0,8025,5350,0,0,n/a,0,0,524,534,814,0,0,0,0,0,0,0,0,0,0,0,0,0,0,0,0,0,0,6495,2087,2600,1808,0,0,0,0,0,0,175001
2007|OFL,1640000,54500,48000,207000,0,0,0,0,3520,3320,240000,15600,n/a,n/a,193000,0,200000,95300,241000,28500,26100,n/a,0,n/a,n/a,n/a,0,0,0,9750,0,0,269,0,0,564,0,0,0,0,0,1330,n/a,n/a,86900,n/a,n/a,n/a,0,0,0,2620,0,91700,3188973
2007|ABC,1394000,44500,5220,176000,0,0,0,0,2980,2810,225000,2440,1680,760,158000,0,198000,79200,190000,21400,21900,4160,0,4970,5050,7720,0,0,0,8190,0,0,202,0,0,424,0,0,0,0,0,999,414,585,74000,23800,29600,20600,0,0,0,1970,0,68800,2676035
2007|TAC,1394000,19000,10,170720,0,0,0,0,2980,2810,136000,2440,1680,760,20000,0,55000,30000,25000,10000,19900,2160,0,4970,5050,7720,0,0,0,8190,0,0,202,0,0,424,0,0,0,0,0,999,414,585,63000,23800,29600,9600,0,0,0,1970,0,37355,2000000
2007|iTAC,1254600,17100,10,145112,0,0,0,0,2458,2284,115600,2074,1428,646,17000,0,46750,25500,21250,8500,16915,1836,0,4225,4293,6562,0,0,0,6962,0,0,172,0,0,360,0,0,0,0,0,849,352,497,53550,20230,25160,8160,0,0,0,1675,0,31752,1770474
2007|CDQ,139400,1900,0,12804,0,0,0,0,410,474,10200,n/a,126,0,1500,0,4125,2250,0,0,n/a,0,0,373,379,579,0,0,0,0,0,0,0,0,0,0,0,0,0,0,0,0,0,0,4725,1785,2220,720,0,0,0,0,0,0,179245
2006|OFL,2090000,39100,50600,230000,0,0,0,0,3680,3740,144000,14200,n/a,n/a,166000,0,150000,71800,237000,24200,17600,n/a,0,n/a,n/a,n/a,0,0,0,10100,0,0,299,0,0,774,0,0,0,0,0,1870,n/a,n/a,130000,n/a,n/a,n/a,0,0,0,2620,0,89404,3476987
2006|ABC,1930000,29400,5500,194000,0,0,0,0,3060,3100,121000,2740,1890,850,136000,0,126000,59800,188000,18100,14800,2960,0,3256,3212,5372,0,0,0,8530,0,0,224,0,0,580,0,0,0,0,0,1400,810,590,110000,21780,46860,41360,0,0,0,1970,0,58882,3013086
2006|TAC,1485000,19000,10,189768,0,0,0,0,2820,3000,95701,2740,1890,850,13000,0,41500,19500,8000,3500,12600,1400,0,3080,3035,5085,0,0,0,4500,0,0,224,0,0,580,0,0,0,0,0,1050,460,590,63000,7500,40000,15500,0,0,0,1275,0,29000,1995768
2006|iTAC,1336500,17100,10,161302,0,0,0,0,2327,2438,81346,2329,1607,723,11050,0,35275,16575,6800,2975,10710,1190,0,2618,2580,4322,0,0,0,3825,0,0,190,0,0,493,0,0,0,0,0,893,391,502,53550,6375,34000,13175,0,0,0,1084,0,24650,1771423
2006|CDQ,148500,1900,0,14233,0,0,0,0,388,499,7178,206,142,64,975,0,3113,1463,600,263,945,105,0,231,228,381,0,0,0,338,0,0,17,0,0,44,0,0,0,0,0,79,35,44,4725,563,3000,1163,0,0,0,0,0,2175,187641
2005|OFL,2100000,39100,39600,265000,0,0,0,0,2950,3170,148000,19200,n/a,n/a,132000,0,157000,70200,237000,28500,17300,n/a,0,n/a,n/a,n/a,0,0,0,9810,0,0,298,0,0,794,0,0,0,0,0,1870,n/a,n/a,147000,n/a,n/a,n/a,0,0,0,2620,0,87920,3509332
2005|ABC,1960000,29400,2570,206000,0,0,0,0,2440,2620,124000,3930,2720,1210,108000,0,132000,58500,189000,21400,14600,2920,0,3210,3165,5305,0,0,0,8260,0,0,223,0,0,596,0,0,0,0,0,1400,810,590,124000,24550,52830,46620,0,0,0,1970,0,53860,3044769
2005|TAC,1478500,19000,10,206000,0,0,0,0,2440,2620,90686,3500,2700,800,12000,0,41500,19500,8000,3500,12600,1400,0,3080,3035,5085,0,0,0,5000,0,0,223,0,0,596,0,0,0,0,0,1050,460,590,63000,7500,35500,20000,0,0,0,1275,0,29000,2000000
2005|iTAC,1330650,17100,10,175100,0,0,0,0,2013,2129,77083,2975,2295,680,10200,0,35275,16575,6800,2975,10710,1190,0,2618,2580,4322,0,0,0,4250,0,0,190,0,0,507,0,0,0,0,0,893,391,502,53550,6375,30175,17000,0,0,0,1084,0,24650,1774719
2005|CDQ,147850,1900,0,15450,0,0,0,0,336,442,6801,263,203,60,900,0,3113,1463,600,263,945,105,0,231,228,381,0,0,0,375,0,0,17,0,0,45,0,0,0,0,0,79,35,44,4725,563,2663,1500,0,0,0,0,0,2175,187743
2004|OFL,2740000,52600,39600,350000,0,0,0,0,4020,4620,135000,19300,n/a,n/a,142000,0,166000,75200,258000,18100,15800,n/a,n/a,n/a,n/a,n/a,0,0,0,8140,0,0,259,0,0,701,0,0,0,0,0,0,1280,846,78500,n/a,n/a,n/a,0,0,0,2620,0,81150,4193736
2004|ABC,2560000,39400,2570,223000,0,0,0,0,3000,3450,114000,4740,3162,1578,115000,0,139000,61900,203000,13500,13300,2128,11172,3059,2926,5187,0,0,0,6880,0,0,195,0,0,526,0,0,0,0,0,0,960,634,66700,11240,31100,24360,0,0,0,1970,0,46810,3620535
2004|TAC,1492000,1000,50,215500,0,0,0,0,2900,3100,86075,3500,2700,800,12000,0,41000,19000,10000,3000,12580,1408,11172,3059,2926,5187,0,0,0,5000,0,0,195,0,0,526,0,0,0,0,0,0,460,634,63000,11240,31100,20660,0,0,0,1275,0,27205,2000000
2004|iTAC,1342800,1000,50,183175,0,0,0,0,2393,2519,73164,2975,2295,680,10200,0,34850,16150,8500,2550,10693,1197,9496,2600,2487,4409,0,0,0,4250,0,0,166,0,0,447,0,0,0,0,0,0,391,539,53550,9554,26435,17561,0,0,0,1084,0,23124,1774570
2004|CDQ,149200,0,0,16163,0,0,0,0,399,523,6456,263,203,60,900,0,3075,1425,750,225,944,106,838,229,219,389,0,0,0,375,0,0,15,0,0,39,0,0,0,0,0,0,35,48,4725,843,2333,1550,0,0,0,0*,0,2040,187696
2003|OFL,3530000,52600,45300,324000,0,0,0,0,4290,4590,136000,17800,n/a,n/a,139000,0,132000,81000,165000,21400,18000,n/a,n/a,n/a,n/a,n/a,0,0,0,9468,n/a,n/a,0,0,0,0,1289,n/a,n/a,0,0,0,1280,846,99700,n/a,n/a,n/a,0,0,0,2620,0,81100,4867283
2003|ABC,2330000,39400,4070,223000,0,0,0,0,2900,3100,114000,5880,3920,1960,112000,0,110000,66000,137000,16000,15100,2410,12690,3500,3340,5850,0,0,0,7101,n/a,n/a,0,0,0,0,967,n/a,n/a,0,0,0,960,634,63000,10650,29360,22990,0,0,0,1970,0,43300,3296382
2003|TAC,1491760,1000,50,207500,0,0,0,0,2900,3100,83750,4000,2680,1320,12000,0,44000,20000,10000,3000,14100,1410,12690,3500,3340,5850,0,0,0,6000,121,5879,0,0,0,0,967,137,830,0,0,0,960,634,60000,10650,29360,19990,0,0,0,1970,0,32309,2000000
2003|iTAC,1342584,1000,50,176375,0,0,0,0,1233,659,71188,3400,2278,1122,10200,0,37400,17000,8500,2550,11986,1199,10787,2975,2839,4973,0,0,0,5100,103,4997,0,0,0,0,822,116,706,0,0,0,816,539,51000,9053,24956,16992,0,0,0,1675,0,27463,1771540
2003|CDQ,149176,0,0,15563,0,0,0,0,399,523,6281,300,201,99,900,0,3300,1500,750,225,1059,106,952,263,251,439,0,0,0,450,9,441,0,0,0,0,72,10,62,0,0,0,72,48,4500,799,2202,1499,0,0,0,0,0,2423,187540
2002|OFL,3530000,31700,46400,294000,0,0,0,0,2900,3850,136000,36500,n/a,n/a,137000,0,268000,101000,172000,21800,17500,n/a,n/a,n/a,n/a,n/a,0,0,0,9020,n/a,n/a,0,0,0,0,1369,n/a,n/a,n/a,0,0,482,901,82300,n/a,n/a,n/a,0,0,0,2620,0,78900,4974242
2002|ABC,2110000,23800,4310,223000,0,0,0,0,1930,2550,115000,8100,5427,2673,113000,0,225000,82600,143000,18100,14800,2620,12180,3460,3060,5660,0,0,0,6760,n/a,n/a,0,0,0,0,1028,n/a,n/a,n/a,0,0,361,676,49000,5500,23800,19700,0,0,0,1970,0,39100,3184085
2002|TAC,1485000,1000,100,200000,0,0,0,0,1930,2550,86000,8000,5360,2640,16000,0,54000,25000,12000,3000,14800,2620,12180,3460,3060,5660,0,0,0,6760,19,6741,0,0,0,0,1028,116,912,n/a,0,0,361,676,49000,5500,23800,19700,0,0,0,1970,0,30825,2000000
2002|iTAC,1283040,900,90,170000,0,0,0,0,821,541,73100,6800,4556,2244,13600,0,45900,21250,10200,2550,12580,2227,10353,2941,2601,4811,0,0,0,5746,16,5730,0,0,0,0,874,99,775,n/a,0,0,307,575,41650,4675,20230,16745,0,0,0,1675,0,26201,1718400
2002|CDQ,148500,100,10,15000,0,0,0,0,265,431,6450,600,402,198,1200,0,4050,1875,900,225,1111,197,914,260,230,425,0,0,0,n/a,n/a,506,0,0,0,0,n/a,n/a,68,10,0,0,27,51,3675,413,1785,1478,0,0,0,0,0,2312,187368
2001|OFL,3536000,31700,60200,248000,0,0,0,0,1910,3070,209000,31000,n/a,n/a,141500,0,271000,102000,0,147000,0,2040,11800,n/a,n/a,n/a,9020,n/a,n/a,0,0,0,0,0,0,0,1369,n/a,n/a,n/a,0,0,482,901,138000,n/a,n/a,n/a,0,0,0,2620,0,69000,5017612
2001|ABC,1842000,23800,8470,188000,0,0,0,0,1560,2500,176000,8400,5628,2772,117000,0,228000,84000,0,122000,0,1730,10200,2900,2560,4740,6764,n/a,n/a,0,0,0,0,0,0,0,1028,n/a,n/a,n/a,0,0,361,676,69300,7800,33600,27900,0,0,0,1970,0,33600,2927359
2001|TAC,1400000,2000,1000,188000,0,0,0,0,1560,2500,113000,8400,5628,2772,22011,0,75000,40000,0,28000,0,1730,10200,2900,2560,4740,6764,19,6745,0,0,0,0,0,0,0,1028,116,912,n/a,0,0,361,676,69300,7800,33600,27900,0,0,0,1970,0,26500,2000000
2001|iTAC,1209600,1800,900,159800,0,0,0,0,663,531,96050,7140,4784,2356,18709,0,63750,34000,0,23800,0,1471,8670,2465,2176,4029,5749,16,5733,0,0,0,0,0,0,0,874,99,775,n/a,0,0,307,575,58905,6630,28560,23715,0,0,0,1675,0,22525,1717494
2001|CDQ,140000,200,100,14100,0,0,0,0,215,422,8475,630,422,208,1651,0,5625,3000,0,2100,0,130,765,218,192,356,n/a,n/a,506,0,0,0,0,0,0,0,n/a,n/a,68,10,0,0,27,51,5198,585,2520,2093,0,0,0,0*,0,1988,185400
2000|OFL,1680000,31700,30400,240000,0,0,0,0,1750,3090,226000,42000,n/a,n/a,160000,0,273000,90000,0,141000,0,3100,14400,n/a,n/a,n/a,0,0,6870,0,0,0,0,0,0,0,0,0,1180,259,0,0,492,913,119000,n/a,n/a,n/a,0,0,0,2620,0,71500,3139274
2000|ABC,1139000,23800,22300,193000,0,0,0,0,1470,2430,191000,9300,6231,3069,131000,0,230000,73500,0,117000,0,2600,12300,3120,3510,5670,0,0,5150,0,0,0,0,0,0,0,0,0,885,194,0,0,369,685,70800,16400,24700,29700,0,0,0,1970,0,31360,2260113
2000|TAC,1139000,2000,1000,193000,0,0,0,0,1470,2430,123262,9300,6231,3069,131000,0,134760,52652,0,83813,0,2600,12300,3120,3510,5670,0,0,5150,0,0,0,0,0,0,0,0,0,885,194,0,0,369,685,70800,16400,24700,29700,0,0,0,1970,0,31360,2000000
2000|iTAC,973845,1800,900,164050,0,0,0,0,624,516,104773,7906,5297,2609,111350,0,114546,44755,0,71242,0,2210,10456,2652,2984,4820,0,0,4378,0,0,0,0,0,0,0,0,0,753,165,0,0,314,583,60180,13940,20995,25245,0,0,0,1675,0,26656,1703677
2000|CDQ,113900,200,100,14475,0,0,0,0,202,410,9244,697,467,230,9825,0,10107,3948,0,6285,0,195,922,234,263,425,0,0,386,0,0,0,0,0,0,0,0,0,66,14,0,0,27,51,5309,1230,1852,2227,0,0,0,0*,0,2352,178862
1999|OFL,1720000,31700,21000,264000,0,0,0,0,2090,2890,308000,29700,n/a,n/a,219000,0,444000,118000,0,248000,0,3600,19100,n/a,n/a,n/a,0,0,5640,0,0,0,0,0,0,0,0,0,1290,356,0,0,492,913,148000,n/a,n/a,n/a,0,0,0,2620,0,129000,3719391
1999|ABC,992000,23800,15300,177000,0,0,0,0,1340,1860,212000,14200,9514,4686,140000,0,309000,77300,0,154000,0,1900,13500,3430,3850,6220,0,0,4230,0,0,0,0,0,0,0,0,0,965,267,0,0,369,685,73300,17000,25600,30700,0,0,0,1970,0,32860,2247846
1999|TAC,992000,2000,1000,177000,0,0,0,0,1340,1380,207980,9000,6030,2970,134354,0,120000,77300,0,154000,0,1400,13500,3430,3850,6220,0,0,4230,0,0,0,0,0,0,0,0,0,965,267,0,0,369,685,66400,17000,22400,27000,0,0,0,1970,0,32860,2000000
1999|iTAC,892800,1800,900,150450,0,0,0,0,569,293,176783,7651,5126,2525,114201,0,102000,65705,0,130900,0,1190,11476,2916,3273,5287,0,0,3596,0,0,0,0,0,0,0,0,0,821,227,0,0,314,583,56440,14450,19040,22950,0,0,0,1675,0,27931,1748305
1999|CDQ,99200,200,100,13275,0,0,0,0,184,232,15598,674,452,222,10076,0,9000,5797,0,11550,0,105,1011,257,288,466,0,0,317,0,0,0,0,0,0,0,0,0,72,20,0,0,27,51,4980,1275,1680,2025,0,0,0,0,0,2464,174933
1998|OFL,2060000,31700,8750,336000,0,0,0,0,2160,2230,314000,22300,n/a,n/a,230000,0,449000,190000,0,253000,0,3300,20700,n/a,n/a,n/a,0,0,5640,0,0,0,0,0,0,0,0,0,1290,356,0,0,492,913,134000,n/a,n/a,n/a,0,0,0,2620,0,134000,4202451
1998|ABC,1110000,23800,6410,210000,0,0,0,0,1300,1380,220000,15000,n/a,n/a,147000,0,312000,132000,0,164000,0,1400,12100,3070,3450,5580,0,0,4230,0,0,0,0,0,0,0,0,0,965,267,0,0,369,685,64300,14900,22400,27000,0,0,0,1970,0,25800,2454976
1998|TAC,1110000,23800,1000,210000,0,0,0,0,1300,1380,220000,15000,10050,4950,16000,0,100000,100000,0,89434,0,1400,12100,3070,3450,5580,0,0,4230,0,0,0,0,0,0,0,0,0,965,267,0,0,369,685,64300,14900,22400,27000,0,0,0,1970,0,25800,2000000
1998|iTAC,943500,20230,850,178500,0,0,0,0,553,293,187000,12750,8543,4208,13600,0,85000,85000,0,76019,0,1190,10285,2610,2933,4743,0,0,3596,0,0,0,0,0,0,0,0,0,820,227,0,0,314,582,54655,12665,19040,22950,0,0,0,1675,0,21930,1698568
1998|CDQ,83250,1785,75,15750,0,0,0,0,179,233,16500,1125,754,371,1200,0,7500,7500,0,6708,0,105,908,230,259,419,0,0,317,0,0,0,0,0,0,0,0,0,72,20,0,0,28,51,4823,1118,1680,2025,0,0,0,148,0,1935,150211
1997|OFL,1980000,38000,43800,418000,0,0,0,0,2750,2860,339000,22600,n/a,n/a,167000,0,427000,145000,0,150000,0,5400,25300,n/a,n/a,n/a,0,0,5810,0,0,0,0,0,0,0,0,0,1250,1400,0,0,497,952,81600,n/a,n/a,n/a,0,0,0,2620,0,138000,3998839
1997|ABC,1130000,28000,32100,306000,0,0,0,0,1308,1367,233000,12350,8275,4075,108000,0,296000,101000,0,97500,0,2800,12800,3240,3170,6390,0,0,4360,0,0,0,0,0,0,0,0,0,938,1050,0,0,373,714,66700,15000,19500,32200,0,0,0,1970,0,25800,2464130
1997|TAC,1130000,28000,1000,270000,0,0,0,0,1100,1200,230000,9000,6030,2970,20760,0,97185,43500,0,50750,0,2800,12800,3240,3170,6390,0,0,4360,0,0,0,0,0,0,0,0,0,938,1050,0,0,373,714,66700,15000,19500,32200,0,0,0,1970,0,25800,2000000
1997|iTAC,960500,23800,850,229500,0,0,0,0,468,255,195500,7650,5125,2525,17646,0,82607,36975,0,43138,0,2380,10880,2754,2695,5431,0,0,3706,0,0,0,0,0,0,0,0,0,797,893,0,0,317,607,56695,12750,16575,27370,0,0,0,1675,0,21930,1698769
1997|CDQ,84750,2100,75,n/a,0,0,0,0,n/a,n/a,n/a,n/a,n/a,n/a,n/a,0,n/a,n/a,0,n/a,0,n/a,n/a,n/a,n/a,n/a,0,0,n/a,0,0,0,0,0,0,0,0,0,n/a,n/a,0,0,n/a,n/a,n/a,n/a,n/a,n/a,0,0,0,n/a,0,n/a,n/a
1996|OFL,1460000,47000,121000,420000,0,0,3300,0,n/a,n/a,342000,25100,n/a,n/a,162000,0,420000,140000,0,120000,0,2860,25200,n/a,n/a,n/a,0,0,5810,0,0,0,0,0,0,0,0,0,1250,1400,0,0,497,952,164000,n/a,n/a,n/a,0,0,0,3000,0,137000,3602369
1996|ABC,1190000,35600,121000,305000,0,0,2500,0,1200,1300,278000,10300,6900,3400,129000,0,361000,116000,0,102000,0,1800,12100,3025,3025,6050,0,0,5810,0,0,0,0,0,0,0,0,0,1250,1400,0,0,497,952,116000,26700,33600,55700,0,0,0,3000,0,27600,2820809
1996|TAC,1190000,35600,1000,270000,0,0,2300,0,1100,1200,200000,7000,4667,2333,9000,0,70000,30000,0,35000,0,1800,12100,3025,3025,6050,0,0,5229,0,0,0,0,0,0,0,0,0,1125,1260,0,0,447,857,106157,26700,33600,45857,0,0,0,1000,0,20125,2000000
1996|iTAC,1011500,30260,850,229500,0,0,723,0,468,255,170000,5950,3967,1983,7650,0,59500,25500,0,29750,0,1530,10285,2571,2571,5143,0,0,4445,0,0,0,0,0,0,0,0,0,956,1071,0,0,380,728,90233,22695,28560,38978,0,0,0,850,0,17106,1698767
1996|CDQ,89250,2670,75,n/a,0,0,n/a,0,n/a,n/a,n/a,n/a,n/a,n/a,n/a,0,n/a,n/a,0,n/a,0,n/a,n/a,n/a,n/a,n/a,0,0,n/a,0,0,0,0,0,0,0,0,0,n/a,n/a,0,0,n/a,n/a,n/a,n/a,n/a,n/a,0,0,0,n/a,0,n/a,n/a
1995|OFL,1500000,60400,22100,390000,0,0,4900,0,n/a,n/a,319000,27200,n/a,n/a,138000,0,388000,167000,0,137000,0,2910,15900,0,0,0,0,0,5670,0,0,0,0,0,0,0,0,0,1220,1400,0,0,365,770,335000,n/a,n/a,n/a,0,0,0,3110,0,136000,3655945
1995|ABC,1250000,56600,22100,328000,0,0,3800,0,1600,2200,277000,7000,4669,2331,113000,0,347000,138000,0,117000,0,1850,10500,0,0,0,0,0,5670,0,0,0,0,0,0,0,0,0,1220,1400,0,0,365,770,125000,13500,55900,55600,0,0,0,3110,0,27600,2836985
1995|TAC,1250000,56600,1000,250000,0,0,3800,0,1600,2200,190000,7000,4669,2331,10227,0,60000,30000,0,19540,0,1850,10500,0,0,0,0,0,5103,0,0,0,0,0,0,0,0,0,1098,1260,0,0,329,693,80000,13500,50000,16500,0,0,0,1000,0,20000,2000000
1995|iTAC,1062500,48110,850,212500,0,0,3230,0,1360,1870,161500,5950,3969,1981,8693,0,51000,25500,0,16609,0,1573,8925,0,0,0,0,0,4338,0,0,0,0,0,0,0,0,0,933,1070,0,0,280,589,68000,11475,42500,14025,0,0,0,850,0,17000,1700000
1995|CDQ,93750,4245,75,n/a,0,0,n/a,0,n/a,n/a,n/a,n/a,n/a,n/a,n/a,0,n/a,n/a,0,n/a,0,n/a,n/a,0,0,0,0,0,n/a,0,0,0,0,0,0,0,0,0,n/a,n/a,0,0,n/a,n/a,n/a,n/a,n/a,n/a,0,0,0,n/a,0,n/a,n/a
1994|OFL,1590000,60400,31750,228000,0,0,0,0,670,3490,269000,24800,n/a,n/a,130000,0,363000,0,0,270000,0,2920,16600,0,0,0,0,0,5670,0,0,0,0,0,0,0,0,0,1220,1400,0,0,365,770,484000,n/a,n/a,n/a,0,0,0,3110,0,141000,3628165
1994|ABC,1330000,56600,31750,191000,0,0,0,0,540,2800,230000,7000,n/a,n/a,93400,0,313000,0,0,225000,0,1910,10900,0,0,0,0,0,5670,0,0,0,0,0,0,0,0,0,1220,1400,0,0,365,770,122500,13475,55125,53900,0,0,0,3110,0,27500,2656435
1994|TAC,1330000,56600,1000,191000,0,0,0,0,540,2800,150325,7000,4667,2333,10000,0,75000,0,0,56000,0,1910,10900,0,0,0,0,0,5670,0,0,0,0,0,0,0,0,0,1220,1400,0,0,365,770,68000,13475,44525,10000,0,0,0,3110,0,26390,2000000
1994|iTAC,1130500,48110,850,162350,0,0,0,0,459,2380,127776,5950,3967,1983,8500,0,63750,0,0,47600,0,1624,9265,0,0,0,0,0,4820,0,0,0,0,0,0,0,0,0,1037,1190,0,0,310,655,57800,11454,37846,8500,0,0,0,2644,0,22432,1700000
1994|CDQ,99750,4245,75,n/a,0,0,0,0,n/a,n/a,n/a,n/a,n/a,n/a,n/a,0,n/a,0,0,n/a,0,n/a,n/a,0,0,0,0,0,n/a,0,0,0,0,0,0,0,0,0,n/a,n/a,0,0,n/a,n/a,n/a,n/a,n/a,n/a,0,0,0,n/a,0,n/a,n/a
1993|OFL,1340000,62600,42000,192000,0,0,0,0,2000,3500,275000,10500,0,0,96000,0,270000,0,0,228000,0,3750,16800,0,0,0,0,0,5670,0,0,0,0,0,0,0,0,0,1220,1400,0,0,400,925,771000,0,0,0,0,0,0,3400,0,26600,3352765
1993|ABC,1340000,58700,42000,164500,0,0,0,0,1500,2600,238000,7000,0,0,72000,0,185000,0,0,191000,0,3330,13900,0,0,0,0,0,5670,0,0,0,0,0,0,0,0,0,1220,1400,0,0,400,925,117100,0,0,0,0,0,0,3400,0,26600,2476245
1993|TAC,1300000,51600,1000,164500,0,0,0,0,1500,2600,220000,7000,0,0,10000,0,75000,0,0,79000,0,3330,13900,0,0,0,0,0,5100,0,0,0,0,0,0,0,0,0,1100,1200,0,0,360,830,32000,0,0,0,0,0,0,2000,0,26600,1998620
1993|iTAC,1105000,43860,850,139825,0,0,0,0,1275,2210,187000,5950,0,0,8500,0,63750,0,0,67150,0,2831,11815,0,0,0,0,0,4335,0,0,0,0,0,0,0,0,0,935,1020,0,0,306,706,27200,0,0,0,0,0,0,1700,0,22610,1698827
1993|CDQ,97500,3870,75,n/a,0,0,0,0,n/a,n/a,n/a,n/a,0,0,n/a,0,n/a,0,0,n/a,0,n/a,n/a,0,0,0,0,0,n/a,0,0,0,0,0,0,0,0,0,n/a,n/a,0,0,n/a,n/a,n/a,0,0,0,0,0,0,n/a,0,n/a,n/a
1992|OFL,1770000,62400,25000,188000,0,0,0,0,1840,4030,452000,34600,0,0,114000,0,260800,0,0,289000,0,3540,11700,0,0,0,0,0,5670,0,0,0,0,0,0,0,0,0,1220,1400,0,0,400,925,435000,0,0,0,0,0,0,3600,0,27200,3692325
1992|ABC,1490000,51600,25000,182000,0,0,0,0,1400,3000,372000,7000,0,0,82300,0,260800,0,0,199600,0,3540,11700,0,0,0,0,0,5670,0,0,0,0,0,0,0,0,0,1220,1400,0,0,400,925,43000,0,0,0,0,0,0,3600,0,27200,2773355
1992|TAC,1300000,51600,1000,182000,0,0,0,0,1400,3000,235000,7000,0,0,10000,0,40000,0,0,79000,0,3540,11700,0,0,0,0,0,5670,0,0,0,0,0,0,0,0,0,1220,1400,0,0,400,925,43000,0,0,0,0,0,0,2000,0,20000,1999855
1992|iTAC,1105000,43860,850,154700,0,0,0,0,1190,2550,199750,5950,0,0,8500,0,34000,0,0,67150,0,3009,9945,0,0,0,0,0,4820,0,0,0,0,0,0,0,0,0,1037,1190,0,0,340,786,36550,0,0,0,0,0,0,1700,0,17000,1699877
1992|CDQ,n/a,n/a,n/a,n/a,0,0,0,0,n/a,n/a,n/a,n/a,0,0,n/a,0,n/a,0,0,n/a,0,n/a,n/a,0,0,0,0,0,n/a,0,0,0,0,0,0,0,0,0,n/a,n/a,0,0,n/a,n/a,n/a,0,0,0,0,0,0,n/a,0,n/a,n/a
1991|OFL,n/a,n/a,0,n/a,0,0,0,0,n/a,n/a,n/a,n/a,0,0,n/a,0,n/a,0,0,n/a,0,n/a,n/a,0,0,0,0,0,0,0,0,0,0,0,0,0,0,0,0,n/a,n/a,0,n/a,n/a,n/a,0,0,0,0,0,0,n/a,0,n/a,n/a
1991|ABC,1676000,101460,0,229000,0,0,0,0,3100,3200,250600,7000,0,0,116400,0,246500,0,0,219700,0,4570,10775,0,0,0,0,0,0,0,0,0,0,0,0,0,0,0,0,1670,4685,0,400,925,24000,0,0,0,0,0,0,3800,0,28700,2932485
1991|TAC,1300000,85000,0,229000,0,0,0,0,3100,3200,135000,7000,0,0,20000,0,90000,0,0,64675,0,4570,10775,0,0,0,0,0,0,0,0,0,0,0,0,0,0,0,0,1670,4685,0,400,925,24000,0,0,0,0,0,0,1000,0,15000,2000000
1991|iTAC,1105000,72250,0,194650,0,0,0,0,2634,2720,114750,5950,0,0,17000,0,76500,0,0,54974,0,3885,9159,0,0,0,0,0,0,0,0,0,0,0,0,0,0,0,0,1420,3982,0,340,786,20400,0,0,0,0,0,0,850,0,12750,1700000
1991|CDQ,n/a,n/a,0,n/a,0,0,0,0,n/a,n/a,n/a,n/a,0,0,n/a,0,n/a,0,0,n/a,0,n/a,n/a,0,0,0,0,0,0,0,0,0,0,0,0,0,0,0,0,n/a,n/a,0,n/a,n/a,n/a,0,0,0,0,0,0,n/a,0,n/a,n/a
1990|OFL,n/a,n/a,0,n/a,0,0,0,0,n/a,n/a,n/a,n/a,0,0,n/a,0,n/a,0,0,n/a,0,n/a,n/a,0,0,0,0,0,0,0,0,0,0,0,0,0,0,0,0,0,0,0,n/a,n/a,n/a,0,0,0,0,0,0,n/a,0,n/a,n/a
1990|ABC,1450000,153600,0,417000,0,0,0,0,2700,4500,278900,7000,0,0,106500,0,216300,0,0,188000,0,6300,16600,0,0,0,0,0,0,0,0,0,0,0,0,0,0,0,0,0,0,0,500,1100,24000,0,0,0,0,0,0,10000,0,55500,2938500
1990|TAC,1280000,100000,0,227000,0,0,0,0,2700,4500,207650,7000,0,0,10000,0,60000,0,0,60150,0,6300,6600,0,0,0,0,0,0,0,0,0,0,0,0,0,0,0,0,0,0,0,500,1100,21000,0,0,0,0,0,0,500,0,5000,2000000
1990|iTAC,1088000,85000,0,192950,0,0,0,0,2295,3825,176502,5950,0,0,8500,0,51000,0,0,51128,0,5355,5610,0,0,0,0,0,0,0,0,0,0,0,0,0,0,0,0,0,0,0,425,935,17850,0,0,0,0,0,0,425,0,4250,1700000
1990|CDQ,n/a,n/a,0,n/a,0,0,0,0,n/a,n/a,n/a,n/a,0,0,n/a,0,n/a,0,0,n/a,0,n/a,n/a,0,0,0,0,0,0,0,0,0,0,0,0,0,0,0,0,0,0,0,n/a,n/a,n/a,0,0,0,0,0,0,n/a,0,n/a,n/a
1989|OFL,n/a,n/a,0,n/a,0,0,0,0,n/a,n/a,n/a,n/a,0,0,n/a,0,n/a,0,0,n/a,0,n/a,n/a,0,0,0,0,0,0,0,0,0,0,0,0,0,0,0,0,0,0,0,n/a,n/a,n/a,0,0,0,0,0,0,n/a,0,n/a,n/a
1989|ABC,1340000,117900,0,370600,0,0,0,0,2800,3400,241000,20300,0,0,163700,0,171000,0,0,155900,0,6000,16600,0,0,0,0,0,0,0,0,0,0,0,0,0,0,0,0,0,0,0,400,1100,21000,0,0,0,0,0,0,10000,0,59000,2700700
1989|TAC,1340000,13450,0,230681,0,0,0,0,2800,3400,182675,8000,0,0,6000,0,90762,0,0,75183,0,5000,6000,0,0,0,0,0,0,0,0,0,0,0,0,0,0,0,0,0,0,0,400,1100,20285,0,0,0,0,0,0,1000,0,13264,2000000
1989|iTAC,1139000,11432,0,196079,0,0,0,0,2380,2890,155274,6800,0,0,5100,0,77148,0,0,63906,0,4250,5100,0,0,0,0,0,0,0,0,0,0,0,0,0,0,0,0,0,0,0,340,935,17242,0,0,0,0,0,0,850,0,11274,1700000
1989|CDQ,n/a,n/a,0,n/a,0,0,0,0,n/a,n/a,n/a,n/a,0,0,n/a,0,n/a,0,0,n/a,0,n/a,n/a,0,0,0,0,0,0,0,0,0,0,0,0,0,0,0,0,0,0,0,n/a,n/a,n/a,0,0,0,0,0,0,n/a,0,n/a,n/a
1988|OFL,n/a,n/a,0,n/a,0,0,0,0,n/a,n/a,n/a,n/a,0,0,n/a,0,0,0,0,n/a,0,n/a,n/a,0,0,0,0,0,0,0,0,0,0,0,0,0,0,0,0,0,0,0,n/a,n/a,n/a,0,0,0,0,0,0,n/a,0,n/a,n/a
1988|ABC,1500000,160000,0,385300,0,0,0,0,3400,5800,254000,14100,0,0,99500,0,0,0,0,331900,0,6000,16600,0,0,0,0,0,0,0,0,0,0,0,0,0,0,0,0,0,0,0,400,1100,21000,0,0,0,0,0,0,10000,0,54000,2863100
1988|TAC,1300000,45000,0,200000,0,0,0,0,3400,5000,254000,11200,0,0,5531,0,0,0,0,131369,0,5000,6000,0,0,0,0,0,0,0,0,0,0,0,0,0,0,0,0,0,0,0,400,1100,21000,0,0,0,0,0,0,1000,0,10000,2000000
1988|iTAC,1105000,38250,0,170000,0,0,0,0,2890,4250,215900,9520,0,0,4701,0,0,0,0,111664,0,4250,5100,0,0,0,0,0,0,0,0,0,0,0,0,0,0,0,0,0,0,0,340,935,17850,0,0,0,0,0,0,850,0,8500,1700000
1988|CDQ,n/a,n/a,0,n/a,0,0,0,0,n/a,n/a,n/a,n/a,0,0,n/a,0,0,0,0,n/a,0,n/a,n/a,0,0,0,0,0,0,0,0,0,0,0,0,0,0,0,0,0,0,0,n/a,n/a,n/a,0,0,0,0,0,0,n/a,0,n/a,n/a
1987|OFL,n/a,n/a,0,n/a,0,0,0,0,n/a,n/a,n/a,n/a,0,0,n/a,0,0,0,0,n/a,0,n/a,n/a,0,0,0,0,0,0,0,0,0,0,0,0,0,0,0,0,0,0,0,n/a,n/a,n/a,0,0,0,0,0,0,n/a,0,n/a,n/a
1987|ABC,UN,UN,0,UN,0,0,0,0,UN,UN,UN,UN,0,0,UN,0,0,0,0,UN,0,UN,UN,0,0,0,0,0,0,0,0,0,0,0,0,0,0,0,0,0,0,0,UN,UN,UN,0,0,0,0,0,0,UN,0,UN,UN
1987|TAC ,1200000,88000,0,280000,0,0,0,0,3700,4000,187000,20000,0,0,9795,0,0,0,0,148300,0,2850,8175,0,0,0,0,0,0,0,0,0,0,0,0,0,0,0,0,0,0,0,450,1430,30800,0,0,0,0,0,0,500,0,15000,2000000
1987|iTAC,UN,UN,0,UN,0,0,0,0,UN,UN,UN,UN,0,0,UN,0,0,0,0,UN,0,UN,UN,0,0,0,0,0,0,0,0,0,0,0,0,0,0,0,0,0,0,0,UN,UN,UN,0,0,0,0,0,0,UN,0,UN,UN
1987|CDQ,n/a,n/a,0,n/a,0,0,0,0,n/a,n/a,n/a,n/a,0,0,n/a,0,0,0,0,n/a,0,n/a,n/a,0,0,0,0,0,0,0,0,0,0,0,0,0,0,0,0,0,0,0,n/a,n/a,n/a,0,0,0,0,0,0,n/a,0,n/a,n/a
1986|OFL,n/a,n/a,0,n/a,0,0,0,0,n/a,n/a,n/a,n/a,0,0,n/a,0,0,0,0,n/a,0,n/a,n/a,0,0,0,0,0,0,0,0,0,0,0,0,0,0,0,0,0,0,0,n/a,n/a,n/a,0,0,0,0,0,0,n/a,0,n/a,n/a
1986|ABC,UN,UN,0,UN,0,0,0,0,UN,UN,UN,UN,0,0,UN,0,0,0,0,UN,0,UN,UN,0,0,0,0,0,0,0,0,0,0,0,0,0,0,0,0,0,0,0,UN,UN,UN,0,0,0,0,0,0,UN,0,UN,UN
1986|TAC ,1200000,100000,0,229000,0,0,0,0,2250,4200,209500,33000,0,0,20000,0,0,0,0,124200,0,825,6800,0,0,0,0,0,0,0,0,0,0,0,0,0,0,0,0,0,0,0,825,5800,30800,0,0,0,0,0,0,5000,0,27800,2000000
1986|iTAC,UN,UN,0,UN,0,0,0,0,UN,UN,UN,UN,0,0,UN,0,0,0,0,UN,0,UN,UN,0,0,0,0,0,0,0,0,0,0,0,0,0,0,0,0,0,0,0,UN,UN,UN,0,0,0,0,0,0,UN,0,UN,UN
1986|CDQ,n/a,n/a,0,n/a,0,0,0,0,n/a,n/a,n/a,n/a,0,0,n/a,0,0,0,0,n/a,0,n/a,n/a,0,0,0,0,0,0,0,0,0,0,0,0,0,0,0,0,0,0,0,n/a,n/a,n/a,0,0,0,0,0,0,n/a,0,n/a,n/a