YrType,Pollock|Shumagin (610),Pollock|Chirikof (620),Pollock|610/620,Pollock|Kodiak (630),Pollock|610/620/630 (subtotal),Pollock|Shelikof,Pollock|WYK (640),Pollock|W/C/WYK (subtotal),Pollock|SEO (650),Pollock|WYK/SEO (subtotal),Pollock|E,Pollock|Total,Pacific cod|W,Pacific cod|C ,Pacific cod|E,Pacific cod|Total,Sablefish|W,Sablefish|C,Sablefish|E,Sablefish|WYK  ,Sablefish|SEO  ,Sablefish|EYK,Sablefish|SEO/EYK,Sablefish|E (WYK and SEO subtotal),Sablefish|Total,Shallow-water Flatfish|W,Shallow-water Flatfish|C,Shallow-water Flatfish|E,Shallow-water Flatfish|WYK,Shallow-water Flatfish|SEO,Shallow-water Flatfish|Total,Deep-water Flatfish|W,Deep-water Flatfish|C,Deep-water Flatfish|E,Deep-water Flatfish|WYK,Deep-water Flatfish|SEO,Deep-water Flatfish|Total,Other Flounder|W,Other Flounder|C,Other Flounder|E,Other Flounder|Total,Rex Sole|W,Rex Sole|C,Rex Sole|E,Rex Sole|WYK,Rex Sole|SEO,Rex Sole|Total,Arrowtooth Flounder|W,Arrowtooth Flounder|C,Arrowtooth Flounder|E,Arrowtooth Flounder|WYK,Arrowtooth Flounder|SEO,Arrowtooth Flounder|Total,Flathead Sole|W,Flathead Sole|C,Flathead Sole|E,Flathead Sole|WYK,Flathead Sole|SEO,Flathead Sole|Total,Pacific Ocean Perch|W,Pacific Ocean Perch|C,Pacific Ocean Perch|E,Pacific Ocean Perch|WYK,Pacific Ocean Perch|W/C/WYK  ,Pacific Ocean Perch|SEO,Pacific Ocean Perch|E (WYK and SEO subtotal),Pacific Ocean Perch|Total,Northern Rockfish|W,Northern Rockfish|C,Northern Rockfish|E,Northern Rockfish|Total,Shortraker Rockfish|W,Shortraker Rockfish|C,Shortraker Rockfish|E,Shortraker Rockfish|Total,Shortraker/Rougheye Rockfish|W,Shortraker/Rougheye Rockfish|C,Shortraker/Rougheye Rockfish|E,Shortraker/Rougheye Rockfish|Total,Dusky Rockfish (pelagic shelf rockfish)|W,Dusky Rockfish (pelagic shelf rockfish)|C,Dusky Rockfish (pelagic shelf rockfish)|WYK,Dusky Rockfish (pelagic shelf rockfish)|SEO,Dusky Rockfish (pelagic shelf rockfish)|Total,Pelagic Shelf Rockfish|W,Pelagic Shelf Rockfish|C,Pelagic Shelf Rockfish|E,Pelagic Shelf Rockfish|WYK,Pelagic Shelf Rockfish|SEO,Pelagic Shelf Rockfish|Total,Rougheye and Blackspotted Rockfish|W,Rougheye and Blackspotted Rockfish|C,Rougheye and Blackspotted Rockfish|E,Rougheye and Blackspotted Rockfish|Total,Demersal Shelf Rockfish|SEO,Thornyhead Rockfish|W,Thornyhead Rockfish|C,Thornyhead Rockfish|E,Thornyhead Rockfish|Total (GW),Other Rockfish|W,Other Rockfish|C,Other Rockfish|W and C,Other Rockfish|E,Other Rockfish|WYK,Other Rockfish|SEO,Other Rockfish|GW,Other Rockfish|Total,Atka Mackerel|W,Atka Mackerel|C,Atka Mackerel|E,Atka Mackerel|Total (GW),Big Skates|W,Big Skates|C,Big Skates|E,Big Skates|Total,Longnose Skates|W,Longnose Skates|C,Longnose Skates|E,Longnose Skates|Total,Other Skates|GW,Other Species|W,Other Species|C,Other Species|E,Other Species|Total (GW),Sculpins|GW,Sharks|GW,Squids|GW,Octopus|GW,Total|Total
2021|OFL,n/a,n/a,,n/a,,,n/a,123455,13531,,,136986,n/a,n/a,n/a,28977,n/a,n/a,,n/a,n/a,,,n/a,60426,n/a,n/a,,n/a,n/a,68841,n/a,n/a,,n/a,n/a,7040,,,,,n/a,n/a,,n/a,n/a,18779,n/a,n/a,,n/a,n/a,151723,n/a,n/a,,n/a,n/a,47982,n/a,n/a,,n/a,36563,6414,,42977,n/a,n/a,n/a,6396,n/a,n/a,n/a,944,,,,,n/a,n/a,n/a,n/a,8655,,,,,,,n/a,n/a,n/a,1456,405,n/a,n/a,n/a,2604,,,n/a,,n/a,n/a,,5320,,,,6200,n/a,n/a,n/a,4278,n/a,n/a,n/a,3449,1166,,,,,,5006,,1307,610917
2021|ABC,18477,54870,,24320,,,5412,105722,10148,,,115870,7986,13656,1985,23627,3224,9527,,3451,5273,,,8724,21475,24151,28082,,2808,1123,56164,225,1914,,2068,1719,5926,,,,,3013,8912,,1206,2285,15416,32377,69072,,8380,17141,126970,14209,20826,,2427,1915,39377,1643,27429,,1705,30777,5400,,36177,2023,3334,1,5358,52,284,372,708,,,,,270,4548,468,103,5389,,,,,,,168,456,588,1212,257,352,910,691,1953,,,940,,369,2744,,4053,,,,4700,758,1560,890,3208,158,1875,554,2587,875,,,,,,3755,,980,476037
2021|TAC,18477,54870,,24320,,,5412,103079,10148,,,113227,5590,10242,1489,17321,2428,8056,,2929,4579,,,7508,17991,13250,28082,,2808,1123,45263,225,1914,,2068,1719,5926,,,,,3013,8912,,1206,2285,15416,14500,69072,,6900,6900,97372,8650,15400,,2427,1915,28392,1643,27429,,1705,30777,5400,,36177,2023,3334,n/a,5357,52,284,372,708,,,,,270,4548,468,103,5389,,,,,,,168,456,588,1212,257,352,910,691,1953,,,940,,369,300,,1609,,,,3000,758,1560,890,3208,158,1875,554,2587,875,,,,,,3755,,980,407975
2020|OFL,n/a,n/a,,n/a,,,n/a,140674,13531,,,154205,n/a,n/a,n/a,17794,n/a,n/a,,n/a,n/a,,,n/a,50481,n/a,n/a,,n/a,n/a,68010,n/a,n/a,,n/a,n/a,7163,,,,,n/a,n/a,,n/a,n/a,18127,n/a,n/a,,n/a,n/a,153017,n/a,n/a,,n/a,n/a,46572,n/a,n/a,,n/a,31567,5525,,37092,n/a,n/a,n/a,5143,n/a,n/a,n/a,944,,,,,n/a,n/a,n/a,n/a,4492,,,,,,,n/a,n/a,n/a,1452,375,n/a,n/a,n/a,2688,,,n/a,,n/a,n/a,,5320,,,,6200,n/a,n/a,n/a,4278,n/a,n/a,n/a,3449,1166,,,,,6932,10913,,1307,607120
2020|ABC,19175,54456,,26597,,,5554,"108,494",10148,,,118642,4942,8458,1221,14621,2278,7560,,2521,4524,,,7045,16883,23849,27732,,2773,1109,55463,226,1948,,2105,1751,6030,,,,,2901,8579,,1174,2224,14878,31455,68669,,10242,17694,128060,13783,20201,,2354,1858,38196,1437,23678,,1470,26585,4653,,31238,1133,3178,1,4312,52,284,372,708,,,,,776,2746,115,39,3676,,,,,,,168,455,586,1209,238,326,911,779,2016,,,940,,369,2744,,4053,,,,4700,758,1560,890,3208,158,1875,554,2587,875,,,,,5199,8184,,980,465956
2020|TAC,19175,54456,,26597,,,5554,105782,10148,,,115930,2076,3806,549,6431,1942,6445,,2343,3663,,,6006,14393,13250,27732,,2773,1109,44864,226,1948,,2105,1751,6030,,,,,2901,8579,,1174,2224,14878,14500,68669,,6900,6900,96969,8650,15400,,2354,1858,28262,1437,23678,,1470,26585,4653,,31238,1133,3178,0,4311,52,284,372,708,,,,,776,2746,115,39,3676,,,,,,,168,455,586,1209,238,326,911,779,2016,,,940,,369,2744,,4053,,,,3000,758,1560,890,3208,158,1875,554,2587,875,,,,,5199,8184,,980,399239
2019|OFL,n/a,n/a,,n/a,,,n/a,194230,11697,,,205927,n/a,n/a,n/a,23669,n/a,n/a,,n/a,n/a,,,n/a,25227,n/a,n/a,,n/a,n/a,68309,n/a,n/a,,n/a,n/a,11434,,,,,n/a,n/a,,n/a,n/a,17889,n/a,n/a,,n/a,n/a,174598,n/a,n/a,,n/a,n/a,44865,n/a,n/a,,n/a,31113,2838,,33951,n/a,n/a,n/a,5402,n/a,n/a,n/a,1151,,,,,n/a,n/a,n/a,n/a,4521,,,,,,,n/a,n/a,n/a,1715,411,n/a,n/a,n/a,2688,,,n/a,,n/a,n/a,,7356,,,,6200,n/a,n/a,n/a,3797,n/a,n/a,n/a,4763,1845,,,,,6958,10913,,1300,664889
2019|ABC,24875,67388,,34443,,,5748,"135,850",8773,,,144623,7633,7667,1700,17000,1581,5178,,1828,2984,,,4812,11571,25620,25731,,2279,1957,55587,416,3443,,3280,2362,9501,,,,,2951,8357,,1657,1727,14692,35994,70995,,15911,22941,145841,13234,21109,,2016,423,36782,3227,19646,,3296,26169,2386,,28555,1190,3338,1,4529,44,305,514,863,,,,,781,2764,95,60,3700,,,,,,,174,550,704,1428,261,326,911,779,2016,,,1737,,368,3489,,5594,,,,4700,504,1774,570,2848,149,2804,619,3572,1384,,,,,5301,8184,,975,509507
2019|TAC,24875,67388,,34443,,,5748,132454,8773,,,141227,5343,5750,1275,12368,1581,5178,,1828,2984,,,4812,11571,13250,25731,,2279,1957,43217,416,3443,,3280,2362,9501,,,,,2951,8357,,1657,1727,14692,14500,70995,,6900,6900,99295,8650,15400,,2016,423,26489,3227,19646,,3296,26169,2386,,28555,1190,3338,0,4528,44,305,514,863,,,,,781,2764,95,60,3700,,,,,,,174,550,704,1428,261,326,911,779,2016,,,1737,,368,3489,,5594,,,,3000,504,1774,570,2848,149,2804,619,3572,1384,,,,,5301,8184,,975,430569
2018|OFL,n/a,n/a,,n/a,,,n/a,187059,11697,,,198756,n/a,n/a,n/a,23565,n/a,n/a,,n/a,n/a,,,n/a,22703,n/a,n/a,,n/a,n/a,67240,n/a,n/a,,n/a,n/a,11294,,,,,n/a,n/a,,n/a,n/a,18706,n/a,n/a,,n/a,n/a,180697,n/a,n/a,,n/a,n/a,43011,n/a,n/a,,n/a,31860,2902,,34762,n/a,n/a,n/a,4380,n/a,n/a,n/a,1151,,,,,n/a,n/a,n/a,n/a,4841,,,,,,,n/a,n/a,n/a,1735,394,n/a,n/a,n/a,2717,,,n/a,,n/a,n/a,,7356,,,,6200,n/a,n/a,n/a,3797,n/a,n/a,n/a,4763,1845,,,,,6958,6020,1516,1300,655707
2018|ABC,30188,79495,,40939,,,6833,"161,492",8773,,,170265,8082,8118,1800,18000,1544,5158,,1829,2974,,,4803,11505,25206,25315,,2242,1925,54688,413,3400,,3239,2332,9384,,,,,3086,8739,,1737,1811,15373,37253,73480,,16468,23744,150945,12690,20238,,1932,406,35266,3312,20112,,3371,26795,2441,,29236,420,3261,4,3685,44,305,515,864,,,,,146,3502,232,77,3957,,,,,,,176,556,712,1444,250,344,921,773,2038,,,1737,,368,3489,,5594,,,,4700,504,1774,570,2848,149,2804,619,3572,1384,,,,,5301,4514,1137,975,536921
2018|TAC,30188,79495,,40939,,,6833,157455,8773,,,166228,5657,6089,1350,13096,1544,5158,,1829,2974,,,4803,11505,13250,25315,,2242,1925,42732,413,3400,,3239,2332,9384,,,,,3086,8739,,1737,1811,15373,14500,48000,,6900,6900,76300,8650,15400,,1932,406,26388,3312,20112,,3371,26795,2441,,29236,420,3261,0,3681,44,305,515,864,,,,,146,3502,232,77,3957,,,,,,,176,556,712,1444,250,344,921,773,2038,,,1737,,368,200,,2305,,,,3000,504,1774,570,2848,149,2804,619,3572,1384,,,,,5301,4514,1137,975,427512
2017|OFL,n/a,n/a,,n/a,,,n/a,235807,13226,,,249033,n/a,n/a,n/a,105378,n/a,n/a,,n/a,n/a,,,n/a,11885,n/a,n/a,,n/a,n/a,54583,n/a,n/a,,n/a,n/a,11182,,,,,n/a,n/a,,n/a,n/a,10860,n/a,n/a,,n/a,n/a,219327,n/a,n/a,,n/a,n/a,43128,n/a,n/a,,n/a,25753,2073,,27826,n/a,n/a,n/a,4522,n/a,n/a,n/a,1715,,,,,n/a,n/a,n/a,n/a,5233,,,,,,,n/a,n/a,n/a,1594,357,n/a,n/a,n/a,2615,,,n/a,,n/a,n/a,,7424,,,,6200,n/a,n/a,n/a,5086,n/a,n/a,n/a,4274,2558,,,,,7338,6020,1516,6504,796158
2017|ABC,43602,98652,,48929,,,7492,"203,769",9920,,,213689,36291,44180,7871,88342,1349,4514,,1605,2606,,,4211,10074,20921,19306,,3188,1099,44514,256,3454,,3017,2565,9292,,,,,1459,4930,,850,1072,8311,28100,107934,,37405,12654,186093,11098,20339,,2949,857,35243,2679,16671,,2786,22136,1782,,23918,432,3354,4,3790,38,301,947,1286,,,,,158,3786,251,83,4278,,,,,,,105,706,516,1327,227,291,988,682,1961,,,1534,,574,3665,,5773,,,,4700,908,1850,1056,3814,61,2513,632,3206,1919,,,,,5591,4514,1137,4878,667877
2017|TAC,43602,98652,,48929,,,7492,198675,9920,,,208595,25404,33135,5903,64442,1349,4514,,1605,2606,,,4211,10074,13250,19306,,3188,1099,36843,256,3454,,3017,2565,9292,,,,,1459,4930,,850,1072,8311,14500,75000,,6900,6900,103300,8650,15400,,2949,857,27856,2679,16671,,2786,22136,1782,,23918,432,3354,0,3786,38,301,947,1286,,,,,158,3786,251,83,4278,,,,,,,105,706,516,1327,227,291,988,682,1961,,,1534,,574,200,,2308,,,,3000,908,1850,1056,3814,61,2513,632,3206,1919,,,,,5591,4514,1137,4878,535863
2016|OFL,n/a,n/a,,n/a,,,n/a,322858,13226,,,336084,n/a,n/a,n/a,116700,n/a,n/a,,n/a,n/a,,,n/a,10326,n/a,n/a,,n/a,n/a,54520,n/a,n/a,,n/a,n/a,11102,,,,,n/a,n/a,,n/a,n/a,9791,n/a,n/a,,n/a,n/a,219430,n/a,n/a,,n/a,n/a,42840,n/a,n/a,,n/a,26313,2118,,28431,n/a,n/a,n/a,4783,n/a,n/a,n/a,1715,,,,,n/a,n/a,n/a,n/a,5733,,,,,,,n/a,n/a,n/a,1596,364,n/a,n/a,n/a,2615,,,n/a,,n/a,n/a,,7424,,,,6200,n/a,n/a,n/a,5086,n/a,n/a,n/a,4274,2558,,,,,7338,6020,1530,6504,892964
2016|ABC,56494,124927,,57183,,,9348,"254,310",9920,,,264230,40503,49312,8785,98600,1272,4023,,1475,2317,,,3792,9087,20851,19242,,3177,1094,44364,186,3495,,2997,2548,9226,,,,,1315,4445,,766,967,7493,28183,107981,,37368,12656,186188,11027,20211,,2930,852,35020,2737,17033,,2847,22617,1820,,24437,457,3547,4,4004,38,301,947,1286,,,,,173,4147,275,91,4686,,,,,,,105,707,516,1328,231,291,988,682,1961,,,1534,,574,3665,,5773,,,,4700,908,1850,1056,3814,61,2513,632,3206,1919,,,,,5591,4514,1148,4878,727684
2016|TAC,56494,124927,,57183,,,9348,247952,9920,,,257872,28352,36984,6589,71925,1272,4023,,1475,2317,,,3792,9087,13250,19242,,3177,1094,36763,186,3495,,2997,2548,9226,,,,,1315,4445,,766,967,7493,14500,75000,,6900,6900,103300,8650,15400,,2930,852,27832,2737,17033,,2847,22617,1820,,24437,457,3547,0,4004,38,301,947,1286,,,,,173,4147,275,91,4686,,,,,,,105,707,516,1328,231,291,988,682,1961,,,1534,,574,200,,2308,,,,2000,908,1850,1056,3814,61,2513,632,3206,1919,,,,,5591,4514,1148,4878,590809
2015|OFL,n/a,n/a,,n/a,,,n/a,256545,16833,,,273378,n/a,n/a,n/a,140300,n/a,n/a,,n/a,n/a,,,n/a,12425,n/a,n/a,,n/a,n/a,54207,n/a,n/a,,n/a,n/a,15993,,,,,n/a,n/a,,n/a,n/a,11957,n/a,n/a,,n/a,n/a,226390,n/a,n/a,,n/a,n/a,50792,n/a,n/a,,n/a,23406,954,,24360,n/a,n/a,n/a,5961,n/a,n/a,n/a,1764,,,,,n/a,n/a,n/a,n/a,6246,,,,,,,n/a,n/a,n/a,1345,361,n/a,n/a,n/a,2454,,,n/a,,n/a,n/a,,5347,,,,6200,n/a,n/a,n/a,4340,n/a,n/a,n/a,4291,2980,,,,,7448,7986,1530,2009,870064
2015|ABC,31634,97579,,52594,,,4719,"191,309",12625,,,203934,38702,61320,2828,102850,1474,4658,,1708,2682,,,4390,10522,22074,19297,,2209,625,44205,301,3689,,5474,3870,13334,,,,,1258,5816,,772,1304,9150,30752,114170,,36771,11228,192921,12767,24876,,3535,171,41349,2302,15873,,2014,20189,823,,21012,1226,3772,0,4998,92,397,834,1323,,,,,296,3336,1288,189,5109,,,,,,,115,632,375,1122,225,235,875,731,1841,,,1031,,580,2469,,4080,,,,4700,731,1257,1267,3255,152,2090,976,3218,2235,,,,,5569,5989,1148,1507,685597
2015|TAC,31634,97579,,52594,,,4719,186526,12625,,,199151,27091,45990,2121,75202,1474,4658,,1708,2682,,,4390,10522,13250,19297,,2209,625,35381,301,3689,,5474,3870,13334,,,,,1258,5816,,772,1304,9150,14500,75000,,6900,6900,103300,8650,15400,,3535,171,27756,2302,15873,,2014,20189,823,,21012,1226,3772,0,4998,92,397,834,1323,,,,,296,3336,1288,189,5109,,,,,,,115,632,375,1122,225,235,875,731,1841,,,1031,,580,200,,1811,,,,2000,731,1257,1267,3255,152,2090,976,3218,2235,,,,,5569,5989,1148,1507,536158
2014|OFL,n/a,n/a,,n/a,,,n/a,211998,16833,,,228831,n/a,n/a,n/a,107300,n/a,n/a,,n/a,n/a,,,n/a,12500,n/a,n/a,,n/a,n/a,50007,n/a,n/a,,n/a,n/a,16159,,,,,n/a,n/a,,n/a,n/a,12207,n/a,n/a,,n/a,n/a,229248,n/a,n/a,,n/a,n/a,50664,n/a,n/a,,n/a,21016,1303,,22319,n/a,n/a,n/a,6349,n/a,n/a,n/a,1764,,,,,n/a,n/a,n/a,n/a,6708,,,,,,,n/a,n/a,n/a,1497,438,n/a,n/a,n/a,2454,,,n/a,,n/a,n/a,,5347,,,,6200,n/a,n/a,n/a,5016,n/a,n/a,n/a,3835,2652,,,,,7448,7986,1530,2009,790468
2014|ABC,36070,81784,,39756,,,4741,162351,12625,,,174976,32745,53100,2655,88500,1480,4681,,1716,2695,,,4411,10572,20376,17813,,2039,577,40805,302,3727,,5532,3911,13472,,,,,1270,6231,,813,1027,9341,31142,115612,,37232,11372,195358,12730,24805,,3525,171,41231,2399,12855,,1931,17185,2124,,19309,1305,4017,0,5322,92,397,834,1323,,,,,317,3584,1384,201,5486,,,,,,,82,864,298,1244,274,235,875,731,1841,,,1031,,580,2470,,4081,,,,4700,589,1532,1641,3762,107,1935,834,2876,1989,,,,,5569,5989,1148,1507,640675
2014|TAC,36070,81784,,39756,,,4741,162351,12625,,,174976,22922,39825,1991,64738,1480,4681,,1716,2695,,,4411,10572,13250,17813,,2039,577,33679,302,3727,,5532,3911,13472,,,,,1270,6231,,813,1027,9341,14500,75000,,6900,6900,103300,8650,15400,,3525,171,27746,2399,12855,,1931,17185,2124,,19309,1305,4017,0,5322,92,397,834,1323,,,,,317,3584,1384,201,5486,,,,,,,82,864,298,1244,274,235,875,731,1841,,,1031,,580,200,,1811,,,,2000,589,1532,1641,3762,107,1935,834,2876,1989,,,,,5569,5989,1148,1507,499274
2013|OFL,n/a,n/a,,n/a,,,n/a,150817,14366,,,165183,n/a,n/a,n/a,97200,n/a,n/a,,n/a,n/a,,,n/a,14780,n/a,n/a,,n/a,n/a,55680,n/a,n/a,,n/a,n/a,6834,,,,,n/a,n/a,,n/a,n/a,12492,n/a,n/a,,n/a,n/a,247196,n/a,n/a,,n/a,n/a,61036,n/a,n/a,,n/a,16838,2081,,18919,n/a,n/a,n/a,6124,n/a,n/a,n/a,1441,,,,,n/a,n/a,n/a,n/a,5746,,,,,,,n/a,n/a,n/a,1482,487,n/a,n/a,n/a,2220,n/a,n/a,,,n/a,n/a,,5305,,,,6200,n/a,n/a,n/a,5023,n/a,n/a,n/a,3500,2706,,,,,7614,8037,1530,1941,738676
2013|ABC,28072,51443,,27372,,,3385,110272,10774,,,121046,28280,49288,3232,80800,1750,5540,,2030,3190,,,5220,12510,19489,20168,,4647,1180,45484,176,2308,,1581,1061,5126,,,,,1300,6376,,832,1052,9560,27181,141527,,20917,20826,210451,15729,26563,,4686,1760,48738,2040,10926,,1641,n/a,1805,,16412,2008,3122,0,5130,104,452,525,1081,,,,,377,3533,495,295,4700,,,,,,,81,856,295,1232,303,150,766,749,1665,44,606,,,230,3165,,4045,,,,4700,469,1793,1505,3767,70,1879,676,2625,2030,,,,,5884,6028,1148,1455,595920
2013|TAC,28072,51443,,27372,,,3385,110272,10774,,,121046,21210,36966,2424,60600,1750,5540,,2030,3190,,,5220,12510,13250,18000,,4647,1180,37077,176,2308,,1581,1061,5126,,,,,1300,6376,,832,1052,9560,14500,75000,,6900,6900,103300,8650,15400,,4686,1760,30496,2040,10926,,1641,n/a,1805,,16412,2008,3122,0,5130,104,452,525,1081,,,,,377,3533,495,295,4700,,,,,,,81,856,295,1232,303,150,766,749,1665,44,606,,,230,200,,1080,,,,2000,469,1793,1505,3767,70,1879,676,2625,2030,,,,,5884,6028,1148,1455,436255
2012|OFL,n/a,n/a,,n/a,,,n/a,143716,14366,,,158082,n/a,n/a,n/a,104000,n/a,n/a,,n/a,n/a,,,n/a,15330,n/a,n/a,,n/a,n/a,61681,n/a,n/a,,n/a,n/a,6834,,,,,n/a,n/a,,n/a,n/a,12561,n/a,n/a,,n/a,n/a,250100,n/a,n/a,,n/a,n/a,59380,2423,12980,,n/a,,n/a,4095,19498,n/a,n/a,n/a,6574,n/a,n/a,n/a,1441,,,,,n/a,n/a,n/a,n/a,6257,,,,,,,n/a,n/a,n/a,1472,467,n/a,n/a,n/a,2220,n/a,n/a,,,n/a,n/a,,5305,,,,6200,n/a,n/a,n/a,5023,n/a,n/a,n/a,3500,2706,,,,,7641,8037,1530,1941,747780
2012|ABC,30270,45808,,26348,,,3244,105670,10774,,,116444,28032,56940,2628,87600,1780,5760,,2247,3173,,,5420,12960,21994,22910,,4307,1472,50683,176,2308,,1581,1061,5126,,,,,1307,6412,,836,1057,9612,27495,143162,,21159,21066,212882,15300,25838,,4558,1711,47407,2102,11263,,1692,,1861,3553,16918,2156,3351,0,5507,104,452,525,1081,,,,,409,3849,542,318,5118,,,,,,,80,850,293,1223,293,150,766,749,1665,44,606,,,230,3165,,4045,,,,4700,469,1793,1505,3767,70,1879,676,2625,2030,,,,,5731,6028,1148,1455,606048
2012|TAC,30270,45808,,26348,,,3244,105670,10774,,,116444,21024,42705,1971,65700,1780,5760,,2247,3173,,,5420,12960,13250,18000,,4307,1472,37029,176,2308,,1581,1061,5126,,,,,1307,6412,,836,1057,9612,14500,75000,,6900,6900,103300,8650,15400,,4558,1711,30319,2102,11263,,1692,,1861,3553,16918,2156,3351,0,5507,104,452,525,1081,,,,,409,3849,542,318,5118,,,,,,,80,850,293,1223,293,150,766,749,1665,44,606,,,230,200,,1080,,,,2000,469,1793,1505,3767,70,1879,676,2625,2030,,,,,5731,6028,1148,1455,438159
2011|OFL,n/a,n/a,,n/a,,,n/a,118030,12326,,,130356,n/a,n/a,n/a,102600,n/a,n/a,,n/a,n/a,,,n/a,13340,n/a,n/a,,n/a,n/a,67768,n/a,n/a,,n/a,n/a,7823,,,,,n/a,n/a,,n/a,n/a,12499,n/a,n/a,,n/a,n/a,251068,n/a,n/a,,n/a,n/a,61412,3221,11948,,n/a,,n/a,4397,19566,n/a,n/a,n/a,5784,n/a,n/a,n/a,1219,,,,,,,,,,n/a,n/a,,n/a,n/a,5570,n/a,n/a,n/a,1579,479,n/a,n/a,n/a,2360,n/a,n/a,,,n/a,n/a,,4881,,,,6200,n/a,n/a,n/a,4438,n/a,n/a,n/a,3803,2791,,,,,7328,8263,1530,1273,723928
2011|ABC,27031,37365,,20235,,,2339,86970,9245,,,96215,30380,53816,2604,86800,1620,4740,,1990,2940,,,4930,11290,23681,29999,,1228,1334,56242,529,2919,,2083,774,6305,,,,,1517,6294,,868,886,9565,34317,144559,,22551,11723,213150,17442,28104,,2064,1523,49133,2798,10379,,1937,,1883,3820,16997,2573,2281,0,4854,134,325,455,914,,,,,,,,,,611,3052,,407,684,4754,81,868,363,1312,300,425,637,708,1770,212,507,,,276,2757,,3752,,,,4700,598,2049,681,3328,81,2009,762,2852,2093,,,,,5496,6197,1148,954,590121
2011|TAC,27031,37365,,20235,,,2339,86970,9245,,,96215,22785,40362,1953,65100,1620,4740,,1990,2940,,,4930,11290,4500,13000,,1228,1334,20062,529,2919,,2083,774,6305,,,,,1517,6294,,868,886,9565,8000,30000,,2500,2500,43000,2000,5000,,2064,1523,10587,2798,10379,,1937,,1883,3820,16997,2573,2281,0,4854,134,325,455,914,,,,,,,,,,611,3052,,407,684,4754,81,868,363,1312,300,425,637,708,1770,212,507,,,276,200,,1195,,,,2000,598,2049,681,3328,81,2009,762,2852,2093,,,,,5496,6197,1148,954,318288
2010|OFL,n/a,n/a,,n/a,,,n/a,103210,12326,,,115536,n/a,n/a,n/a,94100,n/a,n/a,,n/a,n/a,,,n/a,12270,n/a,n/a,,n/a,n/a,67768,n/a,n/a,,n/a,n/a,7680,,,,,n/a,n/a,,n/a,n/a,12714,n/a,n/a,,n/a,n/a,254271,n/a,n/a,,n/a,n/a,59295,3332,12361,,n/a,,n/a,4550,20243,n/a,n/a,n/a,6070,n/a,n/a,n/a,1219,,,,,,,,,,n/a,n/a,,n/a,n/a,6142,n/a,n/a,n/a,1568,472,n/a,n/a,n/a,2360,n/a,n/a,,,n/a,n/a,,4881,,,,6200,n/a,n/a,n/a,4438,n/a,n/a,n/a,3803,2791,,,,9432,,,,,693253
2010|ABC,26256,28095,,19118,,,2031,75500,9245,,,84745,27685,49042,2373,79100,1660,4510,,1620,2580,,,4200,10370,23681,29999,,1228,1334,56242,521,2865,,2044,760,6190,,,,,1543,6403,,883,900,9729,34773,146407,,22835,11867,215882,16857,27124,,1990,1451,47422,2895,10737,,2004,,1948,3952,17584,2703,2395,0,5098,134,325,455,914,,,,,,,,,,650,3249,,434,726,5059,80,862,360,1302,295,425,637,708,1770,212,507,,,273,2757,,3749,,,,4700,598,2049,681,3328,81,2009,762,2852,2093,,,,7075,,,,,565499
2010|TAC,26256,28095,,19118,,,2031,75500,9245,,,84745,20764,36782,2017,59563,1660,4510,,1620,2580,,,4200,10370,4500,13000,,1228,1334,20062,521,2865,,2044,760,6190,,,,,1543,6403,,883,900,9729,8000,30000,,2500,2500,43000,2000,5000,,1990,1451,10441,2895,10737,,2004,,1948,3952,17584,2703,2395,0,5098,134,325,455,914,,,,,,,,,,650,3249,,434,726,5059,80,862,360,1302,295,425,637,708,1770,212,507,,,273,200,,1192,,,,2000,598,2049,681,3328,81,2009,762,2852,2093,,,,4500,,,,,292087
2009|OFL,n/a,n/a,,n/a,,,n/a,58590,11040,,,69630,n/a,n/a,n/a,66600,n/a,n/a,,n/a,n/a,,,n/a,13190,n/a,n/a,,n/a,n/a,74364,n/a,n/a,,n/a,n/a,11578,,,,,n/a,n/a,,n/a,n/a,11756,n/a,n/a,,n/a,n/a,261022,n/a,n/a,,n/a,n/a,57911,4409,9790,,n/a,,n/a,3741,17940,n/a,n/a,n/a,5204,n/a,n/a,n/a,1197,,,,,,,,,,n/a,n/a,,n/a,n/a,5803,n/a,n/a,n/a,1545,580,n/a,n/a,n/a,2540,n/a,n/a,,,n/a,n/a,,5624,,,,6200,n/a,n/a,n/a,4439,n/a,n/a,n/a,3849,2806,,,,8720,,,,,632498
2009|ABC,15249,14098,,11058,,,1215,41620,8280,,,49900,21567,31521,2212,55300,1640,4990,,1784,2746,,,4530,11160,26360,29873,,3333,1423,60989,706,6927,,997,538,9168,,,,,1007,6630,,513,846,8996,30148,164251,,14908,12205,221512,13010,29273,,3531,650,46464,3713,8246,,1108,,2044,3152,15111,2054,2308,0,4362,120,315,463,898,,,,,,,,,,819,3404,,234,324,4781,125,833,326,1284,362,267,860,783,1910,357,569,,,604,2767,,4297,,,,4700,632,2065,633,3330,78,2041,768,2887,2104,,,,6540,,,,,516055
2009|TAC,15249,14098,,11058,,,1215,41620,8280,,,49900,16175,23641,1991,41807,1640,4990,,1784,2746,,,4530,11160,4500,13000,,3333,1423,22256,706,6927,,997,538,9168,,,,,1007,6630,,513,846,8996,8000,30000,,2500,2500,43000,2000,5000,,3531,650,11181,3713,8246,,1108,,2044,3152,15111,2054,2308,0,4362,120,315,463,898,,,,,,,,,,819,3404,,234,324,4781,125,833,326,1284,362,267,860,783,1910,357,569,,,604,200,,1730,,,,2000,632,2065,633,3330,78,2041,768,2887,2104,,,,4500,,,,,242727
2008|OFL,n/a,n/a,,n/a,,,n/a,72110,11040,,,83150,n/a,n/a,n/a,88660,n/a,n/a,,n/a,n/a,,,n/a,15040,n/a,n/a,,n/a,n/a,74364,n/a,n/a,,n/a,n/a,11343,,,,,n/a,n/a,,n/a,n/a,11933,n/a,n/a,,n/a,n/a,266914,n/a,n/a,,n/a,n/a,55787,4376,9717,,n/a,,n/a,3714,17807,n/a,n/a,n/a,5430,n/a,n/a,n/a,1197,,,,,,,,,,n/a,n/a,,n/a,n/a,6400,n/a,n/a,n/a,1548,611,n/a,n/a,n/a,2540,n/a,n/a,,,n/a,n/a,,5624,,,,6200,n/a,n/a,n/a,4439,n/a,n/a,n/a,3849,2806,,,,n/a,,,,,665642
2008|ABC,17602,19181,,13640,,,1517,51940.3,8240,,,60180,25932,37901,2660,66493,1890,5500,,1950,3390,,,5340,12730,26360,29873,,3333,1423,60989,690,6721,,965,527,8903,,,,,1022,6731,,520,859,9132,30817,167936,,15245,12472,226470,12507,28174,,3420,634,44735,3686,8185,,1100,,2028,3128,14999,2141,2408,0,4549,120,315,463,898,,,,,,,,,,1003,3626,,251,347,5227,125,834,327,1286,382,267,860,783,1910,357,569,,,604,2767,,4297,,,,4700,632,2065,633,3330,78,2041,768,2887,2104,,,,n/a,,,,,536201
2008|TAC,17602,19181,,13640,,,1517,51940,8240,,,60180,19449,28426,2394,50269,1890,5500,,1950,3390,,,5340,12730,4500,13000,,3333,1423,22256,690,6721,,965,527,8903,,,,,1022,6731,,520,859,9132,8000,30000,,2500,2500,43000,2000,5000,,3420,634,11054,3686,8185,,1100,,2028,3128,14999,2141,2408,0,4549,120,315,463,898,,,,,,,,,,1003,3626,,251,347,5227,125,834,327,1286,382,267,860,783,1910,357,569,,,604,200,,1730,,,,1500,632,2065,633,3330,78,2041,768,2887,2104,,,,4500,,,,,262826
2007|OFL,n/a,n/a,,n/a,,,n/a,87220,8209,,,95429,n/a,n/a,n/a,97600,n/a,n/a,,n/a,n/a,,,n/a,16906,n/a,n/a,,n/a,n/a,62418,n/a,n/a,,n/a,n/a,10431,,,,,n/a,n/a,,n/a,n/a,11900,n/a,n/a,,n/a,n/a,214828,n/a,n/a,,n/a,n/a,48658,4976,8922,,n/a,,n/a,3260,17158,n/a,n/a,n/a,5890,n/a,n/a,n/a,1124,,,,,,,,,,n/a,n/a,,n/a,n/a,6458,n/a,n/a,n/a,1148,650,n/a,n/a,n/a,2945,n/a,n/a,,,n/a,n/a,,5394,,,,6200,n/a,n/a,n/a,4726,n/a,n/a,n/a,3860,2156,,,,n/a,,,,,615879
2007|ABC,25012,20890,,14850,,,1398,62150,6157,,,68307,26855,37873,4131,68859,2470,6190,,2280,3370,,,5650,14310,24720,24258,,628,1844,51450,420,4163,,2677,1447,8707,,,,,1147,5446,,1037,1470,9100,20852,139582,,16507,7067,184008,10908,26054,,2091,57,39110,4244,7612,,1140,,1640,2780,14636,1439,3499,0,4938,153,353,337,843,,,,,,,,,,1466,3325,,307,444,5542,136,611,241,988,410,513,989,707,2209,577,386,,,319,2872,,4154,,,,4700,695,2250,599,3544,65,1969,861,2895,1617,,,,n/a,,,,,490327
2007|TAC,25012,20890,,14850,,,1398,62150,6157,,,68307,20141,28405,3718,52264,2470,6190,,2280,3370,,,5650,14310,4500,13000,,628,1844,19972,420,4163,,2677,1447,8707,,,,,1147,5446,,1037,1470,9100,8000,30000,,2500,2500,43000,2000,5000,,2091,57,9148,4244,7612,,1140,,1640,2780,14636,1439,3499,0,4938,153,353,337,843,,,,,,,,,,1466,3325,,307,444,5542,136,611,241,988,410,513,989,707,2209,577,386,,,319,200,,1482,,,,1500,695,2250,599,3544,65,1969,861,2895,1617,,,,4500,,,,,269912
2006|OFL,n/a,n/a,,n/a,,,n/a,110100,8209,,,118309,n/a,n/a,n/a,95500,n/a,n/a,,n/a,n/a,,,n/a,17880,n/a,n/a,,n/a,n/a,62418,n/a,n/a,,n/a,n/a,11008,,,,,n/a,n/a,,n/a,n/a,12000,n/a,n/a,,n/a,n/a,207678,n/a,n/a,,n/a,n/a,47003,4931,8806,,n/a,,n/a,3190,16927,n/a,n/a,n/a,7673,n/a,n/a,n/a,1124,,,,,,,,,,n/a,n/a,,n/a,n/a,6662,n/a,n/a,n/a,1180,650,n/a,n/a,n/a,2945,n/a,n/a,,,n/a,n/a,,5394,,,,6200,n/a,n/a,n/a,4726,n/a,n/a,n/a,3860,2156,,,,n/a,,,,,631293
2006|ABC,28918,30492,,18448,,,1792,79650,6157,,,85807,26855,37873,4131,68859,2670,6370,,2280,3520,,,5800,14840,24720,24258,,628,1844,51450,420,4139,,2661,1445,8665,,,,,1159,5506,,1049,1486,9200,20154,134906,,15954,6830,177844,10548,25195,,2022,55,37820,4155,7418,,1101,,1587,2688,14261,1483,3608,0,5091,153,353,337,843,,,,,,,,,,1438,3262,,301,435,5436,136,608,239,983,410,513,989,707,2209,577,386,,,317,2872,,4152,,,,4700,695,2250,599,3544,65,1969,861,2895,1617,,,,n/a,,,,,500626
2006|TAC,28918,30492,,18448,,,1792,79650,6157,,,85807,20141,28405,3718,52264,2670,6370,,2280,3520,,,5800,14840,4500,13000,,628,1844,19972,420,4139,,2661,1445,8665,,,,,1159,5506,,1049,1486,9200,8000,25000,,2500,2500,38000,2000,5000,,2022,55,9077,4155,7418,,1101,,1587,2688,14261,1483,3608,0,5091,153,353,337,843,,,,,,,,,,1438,3262,,301,435,5436,136,608,239,983,410,513,989,707,2209,577,386,,,317,200,,1480,,,,1500,695,2250,599,3544,65,1969,861,2895,1617,,,,13856,,,,,291950
2005|OFL,n/a,n/a,,n/a,,,n/a,144340,8690,,,153030,n/a,n/a,n/a,86200,n/a,n/a,,n/a,n/a,,,n/a,19280,n/a,n/a,,n/a,n/a,63840,n/a,n/a,,n/a,n/a,8490,,,,,n/a,n/a,,n/a,n/a,16480,n/a,n/a,,n/a,n/a,253900,n/a,n/a,,n/a,n/a,56500,3076,10226,,n/a,,n/a,2964,16266,n/a,n/a,n/a,6050,n/a,n/a,n/a,982,,,,,,,,,,n/a,n/a,,n/a,n/a,5680,n/a,n/a,n/a,1531,640,n/a,n/a,n/a,2590,n/a,n/a,,,n/a,n/a,,5150,,,,6200,n/a,n/a,n/a,5332,n/a,n/a,n/a,3757,1769,,,,n/a,,,,,713667
2005|ABC,30380,34404,,18718,,,1688,85190,6520,,,91710,20916,33117,4067,58100,2540,7250,,2580,3570,,,6150,15940,21580,27250,,2030,1210,52070,330,3340,,2120,1030,6820,,,,,1680,7340,,1340,2290,12650,26250,168950,,11790,9910,216900,11690,30020,,3000,390,45100,2567,8535,,841,,1632,2473,13575,808,4283,0,5091,155,324,274,753,,,,,,,,,,377,3067,,211,898,4553,188,557,262,1007,410,410,1010,520,1940,40,300,,,130,3430,,3900,,,,600,727,2463,809,3999,66,1972,780,2818,1327,,,,n/a,,,,,539263
2005|TAC,30380,34404,,18718,,,1688,85190,6520,,,91710,15687,25086,3660,44433,2540,7250,,2580,3570,,,6150,15940,4500,13000,,2030,1210,20740,330,3340,,2120,1030,6820,,,,,1680,7340,,1340,2290,12650,8000,25000,,2500,2500,38000,2000,5000,,3000,390,10390,2567,8535,,841,,1632,2473,13575,808,4283,0,5091,155,324,274,753,,,,,,,,,,377,3067,,211,898,4553,188,557,262,1007,410,410,1010,520,1940,40,300,,,130,200,,670,,,,600,727,2463,809,3999,66,1972,780,2818,1327,,,,13871,,,,,291298
2004|OFL,n/a,n/a,,n/a,,,n/a,91060,8690,,,99750,n/a,n/a,n/a,102000,n/a,n/a,,n/a,n/a,,,n/a,22160,n/a,n/a,,n/a,n/a,63840,n/a,n/a,,n/a,n/a,8010,,,,,n/a,n/a,,n/a,n/a,16480,n/a,n/a,,n/a,n/a,228130,n/a,n/a,,n/a,n/a,64750,2990,9960,,n/a,,n/a,2890,15840,n/a,n/a,n/a,5790,,,,,n/a,n/a,n/a,2510,,,,,,n/a,n/a,,n/a,n/a,5570,,,,,690,n/a,n/a,n/a,2590,n/a,n/a,,,n/a,n/a,,5150,,,,6200,,,,,,,,,,,,,n/a,,,,,649460
2004|ABC,22930,26490,,14040,,,1280,64740,6520,,,71260,22610,35800,4400,62810,2930,7300,,2550,3770,,,6320,16550,21580,27250,,2030,1210,52070,310,2970,,1880,910,6070,,,,,1680,7340,,1340,2290,12650,23590,151840,,10590,8910,194930,13410,34430,,3430,450,51720,2520,8390,,830,,1600,2430,13340,770,4100,0,4870,,,,,254,656,408,1318,,,,,,370,3010,,210,880,4470,,,,,450,410,1010,520,1940,40,300,,,130,3430,,3900,,,,600,,,,,,,,,,,,,n/a,,,,,498948
2004|TAC,22930,26490,,14040,,,1280,64740,6520,,,71260,16957,27116,3960,48033,2930,7300,,2550,3770,,,6320,16550,4500,13000,,2030,1210,20740,310,2970,,1880,910,6070,,,,,1680,7340,,1340,2290,12650,8000,25000,,2500,2500,38000,2000,5000,,3430,450,10880,2520,8390,,830,,1600,2430,13340,770,4100,0,4870,,,,,254,656,408,1318,,,,,,370,3010,,210,880,4470,,,,,450,410,1010,520,1940,40,300,,,130,200,,670,,,,600,,,,,,,,,,,,,12592,,,,,264433
2003|OFL,n/a,n/a,,n/a,,,n/a,69410,8610,,,78020,n/a,n/a,n/a,70100,n/a,n/a,,n/a,n/a,,,n/a,20020,n/a,n/a,,n/a,n/a,61810,n/a,n/a,,n/a,n/a,6430,,,,,n/a,n/a,,n/a,n/a,12320,n/a,n/a,,n/a,n/a,181390,n/a,n/a,,n/a,n/a,51560,3220,10120,,n/a,,n/a,2900,16240,n/a,n/a,n/a,6560,,,,,n/a,n/a,n/a,2340,,,,,,n/a,n/a,,n/a,n/a,8220,,,,,540,n/a,n/a,n/a,3050,n/a,n/a,,,n/a,n/a,,6610,,,,6200,,,,,,,,,,,,,n/a,,,,,531410
2003|ABC,16788,19685,,10339,,,1078,47890,6460,,,54350,20600,29000,3200,52800,2570,6440,,2320,3560,,,5880,14890,23480,21740,,1160,2960,49340,180,2220,,1330,1150,4880,,,,,1280,5540,,1600,1050,9470,17990,113050,,18190,5910,155140,16420,20820,,2900,1250,41390,2700,8510,,810,,1640,2450,13660,890,4640,0,5530,,,,,220,840,560,1620,,,,,,510,3480,,640,860,5490,,,,,390,360,840,800,2000,90,550,,,270,4140,,5050,,,,600,,,,,,,,,,,,,n/a,,,,,416600
2003|TAC,16788,19685,,10339,,,1078,47890,6460,,,54350,15450,22690,2400,40540,2570,6440,,2320,3560,,,5880,14890,4500,13000,,1160,2960,21620,180,2220,,1330,1150,4880,,,,,1280,5540,,1600,1050,9470,8000,25000,,2500,2500,38000,2000,5000,,2900,1250,11150,2700,8510,,810,,1640,2450,13660,890,4640,0,5530,,,,,220,840,560,1620,,,,,,510,3480,,640,860,5490,,,,,390,360,840,800,2000,90,550,,,150,200,,990,,,,600,,,,,,,,,,,,,11260,,,,,236440
2002|OFL,n/a,n/a,,n/a,,,n/a,75480,8610,,,84090,n/a,n/a,n/a,77100,n/a,n/a,,n/a,n/a,,,n/a,19350,n/a,n/a,,n/a,n/a,61810,n/a,n/a,,n/a,n/a,6430,,,,,n/a,n/a,,n/a,n/a,12320,n/a,n/a,,n/a,n/a,171060,n/a,n/a,,n/a,n/a,29530,3110,9760,,n/a,,n/a,2800,15670,n/a,n/a,n/a,5910,,,,,n/a,n/a,n/a,2340,,,,,,n/a,n/a,,n/a,n/a,8220,,,,,480,n/a,n/a,n/a,2330,n/a,n/a,,,n/a,n/a,,6610,,,,6200,,,,,,,,,,,,,n/a,,,,,509450
2002|ABC,17730,23045,,9850,,,1165,51790,6460,,,58250,22465,31680,3455,57600,2240,5430,,1940,3210,,,5150,12820,23550,23080,,1180,1740,49550,180,2220,,1330,1150,4880,,,,,1280,5540,,1600,1050,9470,16960,106580,,17150,5570,146260,9000,11410,,1590,690,22690,2610,8220,,780,,1580,2360,13190,810,4170,0,4980,,,,,220,840,560,1620,,,,,,510,3480,,640,860,5490,,,,,350,360,840,790,1990,90,550,,,260,4140,,5040,,,,600,,,,,,,,,,,,,n/a,,,,,394780
2002|TAC,17730,23045,,9850,,,1165,51790,6460,,,58250,16849,24790,2591,44230,2240,5430,,1940,3210,,,5150,12820,4500,13000,,1180,1740,20420,180,2220,,1330,1150,4880,,,,,1280,5540,,1600,1050,9470,8000,25000,,2500,2500,38000,2000,5000,,1590,690,9280,2610,8220,,780,,1580,2360,13190,600,4170,0,4770,,,,,220,840,560,1620,,,,,,510,3480,,640,860,5490,,,,,350,360,840,790,1990,90,550,,,150,200,,990,,,,600,,,,,,,,,,,,,11330,,,,,237680
2001|OFL,n/a,n/a,,n/a,,n/a,n/a,117750,8610,,,126360,n/a,n/a,n/a,91200,n/a,n/a,,n/a,n/a,,,n/a,15720,n/a,n/a,,n/a,n/a,45330,n/a,n/a,,n/a,n/a,6980,,,,,n/a,n/a,,n/a,n/a,12300,n/a,n/a,,n/a,n/a,173550,n/a,n/a,,n/a,n/a,34210,1520,11350,,n/a,,n/a,3090,15960,n/a,n/a,n/a,5780,,,,,n/a,n/a,n/a,2510,,,,,,n/a,n/a,,n/a,n/a,9040,,,,,410,n/a,n/a,n/a,2770,n/a,n/a,,,n/a,n/a,,6390,,,,6200,,,,,,,,,,,,,n/a,,,,,554710
2001|ABC,35240,14260,,26650,,20680,2520,99350,6460,,,105810,24400,38650,4750,67800,2010,5410,,2060,3360,,,5420,12840,19510,16400,,790,1160,37860,280,2710,,1240,1070,5300,,,,,1230,5660,,1540,1010,9440,16480,99590,,24220,7860,148150,8490,15720,,1440,620,26270,1280,9610,,870,,1750,2620,13510,600,4280,0,4880,,,,,210,930,590,1730,,,,,,550,4080,,580,770,5980,,,,,330,420,970,920,2310,20,740,,,250,3890,,4900,,,,600,,,,,,,,,,,,,n/a,,,,,447710
2001|TAC,31724,12841,,23996,,18619,2235,89415,6460,,,95875,18300,30250,3560,52110,2010,5410,,2060,3360,,,5420,12840,4500,12950,,790,1160,19400,280,2710,,1240,1070,5300,,,,,1230,5660,,1540,1010,9440,8000,25000,,2500,2500,38000,2000,5000,,1440,620,9060,1280,9610,,870,,1750,2620,13510,600,4280,0,4880,,,,,210,930,590,1730,,,,,,550,4080,,580,770,5980,,,,,330,420,970,920,2310,20,740,,,150,100,,1010,,,,600,,,,,,,,,,,,,13619,,,,,285994
2000|OFL,n/a,n/a,,n/a,,n/a,n/a,130760,8610,,,139370,n/a,n/a,n/a,102000,n/a,n/a,,n/a,n/a,,,n/a,16660,n/a,n/a,,n/a,n/a,45330,n/a,n/a,,n/a,n/a,6980,,,,,n/a,n/a,,n/a,n/a,12300,n/a,n/a,,n/a,n/a,173910,n/a,n/a,,n/a,n/a,34210,1460,10930,,n/a,,n/a,3000,15390,n/a,n/a,n/a,7510,,,,,n/a,n/a,n/a,2510,,,,,,n/a,n/a,,n/a,n/a,9040,,,,,420,n/a,n/a,n/a,2820,n/a,n/a,,,n/a,n/a,,6390,,,,6200,,,,,,,,,,,,,n/a,,,,,581040
2000|ABC,32340,13372,,24501,,20987,2340,93540,6460,,,100000,27500,43550,5350,76400,1840,5730,,2207,3553,,,5760,13330,19510,16400,,790,1160,37860,280,2710,,1240,1070,5300,,,,,1230,5660,,1540,1010,9440,16160,97710,,23770,7720,145360,8490,15720,,1440,620,26270,1240,9240,,840,,1700,2540,13020,630,4490,0,5120,,,,,210,930,590,1730,,,,,,550,4080,,580,770,5980,,,,,340,430,990,940,2360,20,740,,,250,3890,,4900,,,,600,,,,,,,,,,,,,n/a,,,,,448010
2000|TAC,32340,13372,,24501,,20987,2340,93540,6460,,,100000,20625,34080,4010,58715,1840,5730,,2207,3553,,,5760,13330,4500,12950,,790,1160,19400,280,2710,,1240,1070,5300,,,,,1230,5660,,1540,1010,9440,5000,25000,,2500,2500,35000,2000,5000,,1440,620,9060,1240,9240,,840,,1700,2540,13020,630,4490,0,5120,,,,,210,930,590,1730,,,,,,550,4080,,580,770,5980,,,,,340,430,990,940,2360,20,740,,,250,3890,,4900,,,,600,,,,,,,,,,,,,14215,,,,,298510
1999|OFL,n/a,n/a,,n/a,134100,,n/a,,n/a,12300,,146400,n/a,n/a,n/a,134000,n/a,n/a,,n/a,n/a,,,n/a,19720,n/a,n/a,,n/a,n/a,59540,n/a,n/a,,n/a,n/a,8070,,,,,n/a,n/a,,n/a,n/a,11920,n/a,n/a,,n/a,n/a,308880,n/a,n/a,,n/a,n/a,34010,2610,9520,,n/a,,n/a,6360,18490,n/a,n/a,n/a,9420,,,,,n/a,n/a,n/a,2740,,,,,,n/a,n/a,,n/a,n/a,8190,,,,,950,n/a,n/a,n/a,2800,n/a,n/a,,,n/a,n/a,,7560,,,,6200,,,,,,,,,,,,,n/a,,,,,778890
1999|ABC,23120,38840,,30520,92480,,n/a,,n/a,8440,,100920,29540,53170,1690,84400,1820,5590,,n/a,n/a,,,5290,12700,22570,19260,,250,1070,43150,240,2740,,1720,1350,6050,,,,,1190,5490,,850,1620,9150,34400,155930,,13260,13520,217110,8440,15630,,1270,770,26110,1850,6760,,820,,3690,4510,13120,840,4150,0,4990,,,,,160,970,460,1590,,,,,,530,3370,,740,240,4880,,,,,560,260,700,1030,1990,20,650,,,470,4130,,5270,,,,600,,,,,,,,,,,,,n/a,,,,,532590
1999|TAC,23120,38840,,30520,92480,,2110,,6330,8440,,100920,23630,42935,1270,67835,1820,5590,,2090,3200,,,5290,12700,4500,12950,,250,1070,18770,240,2740,,1720,1350,6050,,,,,1190,5490,,850,1620,9150,5000,25000,,2500,2500,35000,2000,5000,,1270,770,9040,1850,6760,,820,,3160,3980,12590,840,4150,0,4990,,,,,160,970,460,1590,,,,,,530,3370,,740,240,4880,,,,,560,260,700,1030,1990,20,650,,,470,4130,,5270,,,,600,,,,,,,,,,,,,14600,,,,,306535
1998|OFL,n/a,n/a,,n/a,170500,,,,,,15600,186100,n/a,n/a,n/a,141000,n/a,n/a,n/a,n/a,n/a,,,,23450,n/a,n/a,n/a,,,59540,n/a,n/a,n/a,,,9440,,,,,n/a,n/a,n/a,,,11920,n/a,n/a,n/a,,,295970,n/a,n/a,n/a,,,34010,2550,9320,6220,,,,,18090,n/a,n/a,n/a,9420,,,,,n/a,n/a,n/a,2740,,,,,,n/a,n/a,n/a,,,8040,,,,,950,n/a,n/a,n/a,2840,n/a,n/a,,n/a,,,,7560,,,,6200,,,,,,,,,,,,,n/a,,,,,817270
1998|ABC,29790,50045,,39315,119150,,,,,,10850,130000,27260,49080,1560,77900,1840,6320,5960,n/a,n/a,,,,14120,22570,19260,1320,,,43150,340,3690,3140,,,7170,,,,,1190,5490,2470,,,9150,33010,149640,25690,,,208340,8440,15630,2040,,,26110,1810,6600,4410,,,,,12820,840,4150,10,5000,,,,,160,970,460,1590,,,,,,620,3260,1000,,,4880,,,,,560,250,710,1040,2000,20,650,,4590,,,,5260,,,,600,,,,,,,,,,,,,n/a,,,,,548650
1998|TAC,29790,50045,,39315,119150,,,,,,5580,124730,23170,41720,1170,66060,1840,6320,298,2175,3487,,,,14120,4500,12950,1180,,,18630,340,3690,3140,,,7170,,,,,1190,5490,2470,,,9150,5000,25000,5000,,,35000,2000,5000,2040,,,9040,1810,6600,2366,,,,,10776,840,4150,10,5000,,,,,160,970,460,1590,,,,,,620,3260,1000,,,4880,,,,,560,250,710,1040,2000,20,650,,1500,,,,2170,,,,600,,,,,,,,,,,,,15570,,,,,327046
1997|OFL,n/a,n/a,,n/a,103500,,,,,,7770,111270,n/a,n/a,n/a,180000,n/a,n/a,,n/a,n/a,,,,39950,n/a,n/a,n/a,,,59540,n/a,n/a,n/a,,,9440,,,,,n/a,n/a,n/a,,,11920,n/a,n/a,n/a,,,280800,n/a,n/a,n/a,,,34010,2790,10180,6790,,,,,19760,n/a,n/a,n/a,9420,,,,,n/a,n/a,n/a,2740,,,,,,n/a,n/a,n/a,,,8400,,,,,1450,,,,2400,n/a,n/a,,n/a,,,,7560,,,,6200,,,,,,,,,,,,,n/a,,,,,784860
1997|ABC,18600,31250,,24550,74400,,,,,,5580,79980,28500,51400,1600,81500,1860,6410,,2410,3840,,,,14520,22570,19260,1320,,,43150,340,3690,3140,,,7170,,,,,1190,5490,2470,,,9150,31340,142100,24400,,,197840,8440,15630,2040,,,26110,1840,6690,4460,,,,,12990,840,4150,10,5000,,,,,160,970,460,1590,,,,,,570,3580,990,,,5140,,,,,950,,,,1700,20,650,,4590,,,,5260,,,,1000,,,,,,,,,,,,,n/a,,,,,493050
1997|TAC,18600,31250,,24550,74400,,,,,,5580,79980,24225,43690,1200,69115,1860,6410,,2410,3840,,,,14520,4500,12950,1180,,,18630,340,3690,3140,,,7170,,,,,1190,5490,2470,,,9150,5000,25000,5000,,,35000,2000,5000,2040,,,9040,1472,5352,2366,,,,,9190,840,4150,10,5000,,,,,160,970,460,1590,,,,,,570,3580,990,,,5140,,,,,950,,,,1700,20,650,,1500,,,,2170,,,,1000,,,,,,,,,,,,,13470,,,,,282815
1996|OFL,n/a,82000,,n/a,n/a,,,,,,4400,86400,n/a,n/a,n/a,88000,n/a,n/a,,n/a,n/a,,,,22800,n/a,n/a,n/a,,,60262,n/a,n/a,n/a,,,17040,,,,,n/a,n/a,n/a,,,13091,n/a,n/a,n/a,,,231416,n/a,n/a,n/a,,,31557,1840,4870,3455,,,,,10165,n/a,n/a,n/a,9926,,,,,n/a,n/a,n/a,2925,,,,,,n/a,n/a,n/a,,,8704,,,,,1702,,,,2200,n/a,n/a,,n/a,,,,8395,n/a,n/a,n/a,9800,,,,,,,,,,,,,n/a,,,,,604383
1996|ABC,25480,12840,,13680,52000,,,,,,2810,54810,18850,42900,3250,65000,2200,6900,,3040,4940,,,,17080,8880,17170,2740,,,28790,670,8150,5770,,,14590,,,,,1350,7050,2810,,,11210,28400,141290,28440,,,198130,26280,23140,2850,,,52270,1460,3860,2740,,,,,8060,640,4610,20,5270,,,,,170,1210,530,1910,,,,,,910,3200,1080,,,5190,,,,,950,,,,1560,180,1170,,5760,,,,7110,n/a,n/a,n/a,3240,,,,,,,,,,,,,n/a,,,,,475170
1996|TAC,25480,12840,,13680,52000,,,,,,2810,54810,18850,42900,3250,65000,2200,6900,,3040,4940,,,,17080,4500,12950,1180,,,18630,460,7500,3120,,,11080,,,,,800,7050,1840,,,9690,5000,25000,5000,,,35000,2000,5000,2740,,,9740,1260,3333,2366,,,,,6959,640,4610,20,5270,,,,,170,1210,530,1910,,,,,,910,3200,1080,,,5190,,,,,950,,,,1248,100,1170,,750,,,,2020,2310,925,5,3240,,,,,,,,,,,,,12390,,,,,260207
1995|OFL,n/a,266000,,n/a,n/a,,,,,,14400,280400,n/a,n/a,n/a,126000,n/a,n/a,,n/a,n/a,,,,25730,n/a,n/a,n/a,,,60262,n/a,n/a,n/a,,,17040,,,,,n/a,n/a,n/a,,,13091,n/a,n/a,n/a,,,231416,n/a,n/a,n/a,,,31557,1482,3951,2799,,,,,8232,n/a,n/a,n/a,9926,,,,,n/a,n/a,n/a,2925,,,,,,n/a,n/a,n/a,,,8704,,,,,1044,,,,2660,n/a,n/a,,n/a,,,,8395,n/a,n/a,n/a,11700,,,,,,,,,,,,,n/a,,,,,839082
1995|ABC,30380,15310,,16310,62000,,,,,,3360,65360,20100,45650,3450,69200,2600,8600,,4100,6200,,,,21500,26280,23140,2850,,,52270,670,8150,5770,,,14590,,,,,1350,7050,2810,,,11210,28400,141290,28440,,,198130,8880,17170,2740,,,28790,1180,3130,2220,,,,,6530,640,4610,20,5270,,,,,170,1210,530,1910,,,,,,910,3200,1080,,,5190,,,,,580,,,,1900,180,1170,,5760,,,,7110,n/a,n/a,n/a,3240,,,,,,,,,,,,,n/a,,,,,492780
1995|TAC,30380,15310,,16310,62000,,,,,,3360,65360,20100,45650,3450,69200,2600,8600,,4100,6200,,,,21500,4500,12950,1180,,,18630,460,7500,3120,,,11080,,,,,800,7050,1840,,,9690,5000,25000,5000,,,35000,2000,5000,2740,,,9740,1014,2702,1914,,,,,5630,640,4610,20,5270,,,,,170,1210,530,1910,,,,,,910,3200,1080,,,5190,,,,,580,,,,1900,55,370,,1810,,,,2235,2310,925,5,3240,,,,,,,,,,,,,13308,,,,,279463
1994|OFL,n/a,230000,,n/a,n/a,,,,,,16400,246600,n/a,n/a,n/a,71100,n/a,n/a,,n/a,n/a,,,,31700,n/a,n/a,n/a,,,44670,n/a,n/a,n/a,,,19280,,,,,n/a,n/a,n/a,,,13960,n/a,n/a,n/a,,,275930,n/a,n/a,n/a,,,39310,880,1100,1960,,,,,3940,n/a,n/a,n/a,10360,,,,,n/a,n/a,n/a,2900,,,,,,n/a,n/a,n/a,,,11550,,,,,1680,,,,1440,n/a,n/a,,n/a,,,,9850,n/a,n/a,n/a,19040,,,,,,,,,,,,,n/a,,,,,803110
1994|ABC,22130,23870,,56000,102000,,,,,,7300,109300,16630,31250,2520,50400,2290,11220,,4850,7140,,,,25500,20290,12950,1180,,,34420,460,12930,3120,,,16510,,,,,800,9310,1840,,,11950,28590,186270,21380,,,236240,9120,23080,3650,,,35850,680,850,1500,,,,,3030,1000,4720,40,5760,,,,,100,1290,570,1960,,,,,,1030,4550,1310,,,6890,,,,,960,,,,1180,330,1640,,6330,,,,8300,n/a,n/a,n/a,4800,,,,,,,,,,,,,n/a,,,,,553050
1994|TAC,22130,23870,,56000,102000,,,,,,7300,109300,16630,31250,2520,50400,2290,11220,,4850,7140,,,,25500,4500,12950,1180,,,18630,460,7500,3120,,,11080,,,,,800,7500,1840,,,10140,5000,20000,5000,,,30000,2000,5000,3000,,,10000,571,714,1265,,,,,2550,1000,4720,40,5760,,,,,100,1290,570,1960,,,,,,1030,4550,1310,,,6890,,,,,960,,,,1180,199,988,,1048,,,,2235,2500,1000,5,3505,,,,,,,,,,,,,14505,,,,,304595
1993|OFL,n/a,n/a,,n/a,286000,,,,,,9020,295020,n/a,n/a,n/a,78100,n/a,n/a,,n/a,n/a,,,,27750,n/a,n/a,n/a,,,70860,n/a,n/a,n/a,,,59650,,,,,,,,,,,n/a,n/a,n/a,,,451690,n/a,n/a,n/a,,,64780,n/a,n/a,n/a,,,,,3378,n/a,n/a,n/a,10360,,,,,n/a,n/a,n/a,2900,,,,,,n/a,n/a,n/a,,,11300,,,,,1600,,,,1441,n/a,n/a,,n/a,,,,9850,,,,,,,,,,,,,,n/a,n/a,n/a,n/a,,,,,1088679
1993|ABC,34068,36737,,86195,157000,,,,,,3400,160400,18700,35200,2800,56700,2030,9610,,3830,5430,,,,20900,27480,21260,1740,,,50480,2020,35580,7930,,,45530,,,,,,,,,,,38880,253330,29080,,,321290,12580,31830,5040,,,49450,753,949,1676,,,,,3378,1000,4720,40,5760,,,,,100,1290,570,1960,,,,,,1010,4450,1280,,,6740,,,,,800,,,,1180,330,1640,,6330,,,,8300,,,,,,,,,,,,,,n/a,n/a,n/a,n/a,,,,,732868
1993|TAC,24087,25974,,60939,111000,,,,,,3400,114400,18700,35200,2800,56700,2030,9610,,3830,5430,,,,20900,4500,10000,1740,,,16240,1740,15000,3000,,,19740,,,,,,,,,,,5000,20000,5000,,,30000,2000,5000,3000,,,10000,341,949,1270,,,,,2560,1000,4720,40,5760,,,,,90,1161,513,1764,,,,,,1010,4450,1280,,,6740,,,,,800,,,,1062,214,1064,,4105,,,,5383,,,,,,,,,,,,,,3053,9721,1828,14602,,,,,306651
1992|OFL,n/a,n/a,,n/a,219000,,,,,,8900,227900,n/a,n/a,n/a,87600,n/a,n/a,,n/a,n/a,,,,28200,n/a,n/a,n/a,,,70900,n/a,n/a,n/a,,,51500,,,,,,,,,,,n/a,n/a,n/a,,,427000,n/a,n/a,n/a,,,63100,n/a,n/a,n/a,,,,,5730,,,,,,,,,n/a,n/a,n/a,2900,,,,,,n/a,n/a,n/a,,,11360,,,,,732,,,,2440,n/a,n/a,,n/a,,,,20710,,,,,,,,,,,,,,,,,n/a,,,,,1000072
1992|ABC,n/a,n/a,,n/a,96000,,,,,,3400,99400,23500,39000,1000,63500,2500,9570,,3740,4990,,,,20800,27480,21260,1740,,,50480,1740,33550,3990,,,39280,,,,,,,,,,,38880,253320,11680,,,303880,12580,31990,3710,,,48280,1620,1720,2390,,,,,5730,,,,,,,,,100,1290,570,1960,,,,,,1212,4393,1281,,,6886,,,,,550,,,,1798,1390,6510,,6160,,,,14060,,,,,,,,,,,,,,,,,n/a,,,,,656604
1992|TAC,19320,18480,,46200,84000,,,,,,3400,87400,23500,39000,1000,63500,2500,9570,,3740,4990,,,,20800,3000,7000,1740,,,11740,1740,15000,3000,,,19740,,,,,,,,,,,5000,15000,5000,,,25000,2000,5000,3000,,,10000,1470,1561,2169,,,,,5200,,,,,,,,,100,1290,570,1960,,,,,,1212,4393,1281,,,6886,,,,,550,,,,1798,1390,6510,,6160,,,,14060,,,,,,,,,,,,,,,,,13432,,,,,282066
1991|OFL,,,n/a,n/a,n/a,,,,,,n/a,n/a,n/a,n/a,n/a,n/a,n/a,n/a,,n/a,,,n/a,,n/a,n/a,n/a,n/a,,,n/a,n/a,n/a,n/a,,,n/a,,,,,,,,,,,n/a,n/a,n/a,,,n/a,n/a,n/a,n/a,,,n/a,n/a,n/a,n/a,,,,,n/a,,,,,,,,,n/a,n/a,n/a,n/a,,,,,,n/a,n/a,n/a,,,n/a,,,,,n/a,,,,n/a,n/a,n/a,,n/a,,,,n/a,,,,,,,,,,,,,,,,,n/a,,,,,n/a
1991|ABC,,,50000,50000,100000,,,,,,3400,103400,30000,45000,2900,77900,2925,10575,,4050,,,4950,,22500,48800,22200,3000,,,74000,2000,38900,9600,,,50500,,,,,,,,,,,40800,272100,27200,,,340100,12600,32700,5000,,,50300,n/a,n/a,n/a,,,,,5800,,,,,,,,,n/a,n/a,n/a,2000,,,,,,n/a,n/a,n/a,,,4800,,,,,445,,,,1798,n/a,n/a,,n/a,,,,10100,,,,,,,,,,,,,,,,,n/a,,,,,743643
1991|TAC,,,50000,50000,100000,,,,,,3400,103400,30000,45000,2900,77900,2925,10575,,4050,,,4950,,22500,3000,7000,2000,,,12000,2000,10000,3000,,,15000,,,,,,,,,,,5000,10000,5000,,,20000,2000,5000,3000,,,10000,1624,1798,2378,,,,,5800,,,,,,,,,100,1320,580,2000,,,,,,800,3100,900,,,4800,,,,,425,,,,1398,1212,5454,,3434,,,,10100,,,,,,,,,,,,,,,,,15766,,,,,301089
1990|OFL,,,,,n/a,n/a,,,,,n/a,n/a,n/a,n/a,n/a,n/a,n/a,n/a,,n/a,,,n/a,,n/a,n/a,n/a,n/a,,,n/a,n/a,n/a,n/a,,,n/a,,,,,,,,,,,n/a,n/a,n/a,,,n/a,,,,,,,,,,,,,,,,,,,,,,,,,,,,,,,,n/a,n/a,n/a,,,n/a,,,,,n/a,,,,n/a,n/a,n/a,,n/a,,,,n/a,,,,,,,,,,,,,,,,,n/a,,,,,n/a
1990|ABC,,,,,63750,6250,,,,,3400,73400,29500,59500,1000,90000,3800,11800,,4600,,,6000,,26200,30200,52200,2100,,,84500,16300,77700,14400,,,108400,,,,,,,,,,,27000,141000,26600,,,194600,,,,,,,,,,,,,,,,,,,,,,,,,,,,,,,,1400,5800,1000,,,8200,,,,,n/a,,,,3800,4300,7700,,5700,,,,17700,,,,,,,,,,,,,,,,,n/a,,,,,606800
1990|TAC,,,,,63750,6250,,,,,3400,73400,29500,59500,1000,90000,3770,11700,,4550,,,5980,,26000,3570,6180,250,,,10000,3650,15300,3050,,,22000,,,,,,,,,,,4450,23170,4380,,,32000,,,,,,,,,,,,,,,,,,,,,,,,,,,,,,,,1400,5800,1000,,,8200,,,,,470,,,,3800,4300,7700,,5700,,,,17700,,,,,,,,,,,,,,,,,14179,,,,,297749
1989|OFL,,,,,n/a,n/a,,,,,n/a,n/a,n/a,n/a,n/a,n/a,n/a,n/a,,n/a,,,n/a,,n/a,,,,,,,,,,,,,n/a,n/a,n/a,n/a,,,,,,,,,,,,,,,,,,,,,,,,,,,,,,,,,,,,,,,,,,,,n/a,n/a,n/a,,,n/a,,,,,n/a,,,,n/a,n/a,n/a,,n/a,,,,n/a,,,,,,,,,,,,,,,,,n/a,,,,,n/a
1989|ABC,,,,,60000,n/a,,,,,3400,63400,13500,52000,5700,71200,4900,13900,,5300,,,6800,,30900,,,,,,,,,,,,,111500,384300,58900,554700,,,,,,,,,,,,,,,,,,,,,,,,,,,,,,,,,,,,,,,,,,,,1000,4800,800,,,6600,,,,,n/a,,,,3800,5774,8452,,5774,,,,20000,,,,,,,,,,,,,,,,,n/a,,,,,750600
1989|TAC,,,,,53750,6250,,,,,200,60200,13500,52000,5700,71200,3770,11700,,4550,,,5980,,26000,,,,,,,,,,,,,3200,31800,1000,36000,,,,,,,,,,,,,,,,,,,,,,,,,,,,,,,,,,,,,,,,,,,,500,2400,400,,,3300,,,,,420,,,,3800,5774,8452,,5774,,,,20000,,,,,,,,,,,,,,,,,11046,,,,,231966
1988|OFL,,,,,n/a,,,,,,n/a,n/a,n/a,n/a,n/a,n/a,n/a,n/a,,n/a,,,n/a,,n/a,,,,,,,,,,,,,n/a,n/a,n/a,n/a,,,,,,,,,,,,,,,,,,,,,,,,,,,,,,,,,,,,,,,,,,,,n/a,n/a,n/a,,,n/a,,,,,n/a,,,,n/a,n/a,n/a,,n/a,,,,n/a,,,,,,,,,,,,,,,,,n/a,,,,,n/a
1988|ABC,,,,,90000,,,,,,3000,93000,19000,73000,7000,99000,5075,15680,,6125,,,8120,,35000,,,,,,,,,,,,,142650,538280,86770,767700,,,,,,,,,,,,,,,,,,,,,,,,,,,,,,,,,,,,,,,,,,,,550,2350,400,,,3300,,,,,n/a,,,,3750,4850,7100,,4850,,,,16800,,,,,,,,,,,,,,,,,n/a,,,,,1018550
1988|TAC,,,,,90000,,,,,,3000,93000,19000,60800,200,80000,4060,12540,,4900,,,6500,,28000,,,,,,,,,,,,,1600,21300,100,23000,,,,,,,,,,,,,,,,,,,,,,,,,,,,,,,,,,,,,,,,,,,,550,2350,400,,,3300,,,,,660,,,,3750,4850,7100,,4850,,,,16800,,,,,,,,,,,,,,,,,12426,,,,,260936
1987|OFL,,,,,n/a,n/a,,,,,n/a,n/a,n/a,n/a,n/a,n/a,n/a,n/a,,n/a,,,n/a,,n/a,,,,,,,,,,,,,n/a,n/a,n/a,n/a,,,,,,,,,,,,,,,,,,,n/a,n/a,n/a,,,,,n/a,,,,,,,,,,,,,,,,,,,,,,,,,,,,,,,,n/a,,,,,,n/a,n/a,n/a,n/a,n/a,n/a,n/a,,,,,,,,,,,,,n/a,,,n/a,,n/a
1987|ABC,,,,,UN,UN,,,,,UN,UN,UN,UN,UN,UN,UN,UN,,UN,,,UN,,UN,,,,,,,,,,,,,UN,UN,UN,UN,,,,,,,,,,,,,,,,,,,UN,UN,UN,,,,,UN,,,,,,,,,,,,,,,,,,,,,,,,,,,,,,,,UN,,,,,,UN,UN,UN,UN,UN,UN,UN,,,,,,,,,,,,,UN,,,UN,,UN
1987|TAC (TQ),,,,,84000,20000,,,,,4000,108000,15000,33000,2000,50000,3000,8800,,4000,,,4200,,20000,,,,,,,,,,,,,3000,5500,500,9000,,,,,,,,,,,,,,,,,,,1500,1500,2000,,,,,5000,,,,,,,,,,,,,,,,,,,,,,,,,,,,,,,,3750,,,,,,1250,4000,5250,100,100,40,240,,,,,,,,,,,,,10312,,,5000,,216552
1986|OFL,,,,,n/a,n/a,,,,,n/a,n/a,n/a,n/a,n/a,n/a,n/a,n/a,,n/a,n/a,n/a,,,n/a,,,,,,,,,,,,,n/a,n/a,n/a,n/a,,,,,,,,,,,,,,,,,,,n/a,n/a,n/a,,,,,n/a,,,,,,,,,,,,,,,,,,,,,,,,,,,,,,,,n/a,,,,,,n/a,n/a,n/a,n/a,n/a,n/a,n/a,,,,,,,,,,,,,n/a,,,n/a,,n/a
1986|ABC,,,,,UN,UN,,,,,UN,UN,UN,UN,UN,UN,UN,UN,,UN,UN,UN,,,UN,,,,,,,,,,,,,UN,UN,UN,UN,,,,,,,,,,,,,,,,,,,UN,UN,UN,,,,,UN,,,,,,,,,,,,,,,,,,,,,,,,,,,,,,,,UN,,,,,,UN,UN,UN,UN,UN,UN,UN,,,,,,,,,,,,,UN,,,UN,,UN
1986|TAC (DAH),,,,,289000,"45,000",,,,,13280,"302,280",13248,26832,7920,48000,1670,3060,,1680,"1,435","1,135",,,"8,980",,,,,,,,,,,,,8320,11770,6720,26810,,,,,,,,,,,,,,,,,,,1302,3906,875,,,,,6083,,,,,,,,,,,,,,,,,,,,,,,,,,,,,,,,3000,,,,,,600,4400,5000,3752,400,80,4232,,,,,,,,,,,,,17968,,,4000,,"426,353"
